{
  "weights": {
    "w_ml": 1.0,
    "w_poisson": 0.0,
    "w_xg_exp": 0.0
  },
  "backtest_summary": {
    "baseline": {
      "mae": 1.4066309523809526,
      "rmse": 1.7614996795101276
    },
    "ml_global": {
      "mae": 1.3809637695681891,
      "rmse": 1.7121639412554623
    },
    "n_folds": 4
  },
  "mae_ensemble_trainval": 0.9767878749287737,
  "test_final": {
    "baseline": {
      "mae": 1.6331746031746033,
      "rmse": 1.981880620433732,
      "n": 525
    },
    "ml_global": {
      "mae": 1.5731024816219734,
      "rmse": 1.9278773034437404,
      "n": 525
    },
    "ensemble": {
      "mae": 1.5731024816219734,
      "rmse": 1.9278773034437404,
      "n": 525
    }
  }
}