{
  "weights": {
    "w_ml": 1.0,
    "w_poisson": 0.0,
    "w_xg_exp": 0.0
  },
  "backtest_summary": {
    "baseline": {
      "mae": 1.4090133647798742,
      "rmse": 1.7640394203278402
    },
    "ml_global": {
      "mae": 1.377534753094151,
      "rmse": 1.708821558496421
    },
    "n_folds": 4
  },
  "mae_ensemble_trainval": 0.9851095021579145,
  "test_final": {
    "baseline": {
      "mae": 1.6383333333333332,
      "rmse": 1.9895293919060006,
      "n": 530
    },
    "ml_global": {
      "mae": 1.5971420155733016,
      "rmse": 1.9494687716416526,
      "n": 530
    },
    "ensemble": {
      "mae": 1.5971420155733016,
      "rmse": 1.9494687716416526,
      "n": 530
    }
  }
}