{
  "weights": {
    "w_ml": 1.0,
    "w_poisson": 0.0,
    "w_xg_exp": 0.0
  },
  "backtest_summary": {
    "baseline": {
      "mae": 1.398740215264188,
      "rmse": 1.7569840552935896
    },
    "ml_global": {
      "mae": 1.3705677758791324,
      "rmse": 1.7048646554981999
    },
    "n_folds": 4
  },
  "mae_ensemble_trainval": 0.9596192790596607,
  "test_final": {
    "baseline": {
      "mae": 1.6287997390737115,
      "rmse": 1.9596327800754532,
      "n": 511
    },
    "ml_global": {
      "mae": 1.5354174129395186,
      "rmse": 1.8815415276930156,
      "n": 511
    },
    "ensemble": {
      "mae": 1.5354174129395186,
      "rmse": 1.8815415276930156,
      "n": 511
    }
  }
}