{
  "weights": {
    "w_ml": 1.0,
    "w_poisson": 0.0,
    "w_xg_exp": 0.0
  },
  "backtest_summary": {
    "baseline": {
      "mae": 1.3989840534979425,
      "rmse": 1.7570777868220593
    },
    "ml_global": {
      "mae": 1.3747315982557693,
      "rmse": 1.717812446953349
    },
    "n_folds": 4
  },
  "mae_ensemble_trainval": 0.9497810263658438,
  "test_final": {
    "baseline": {
      "mae": 1.590929355281207,
      "rmse": 1.9325341061826602,
      "n": 486
    },
    "ml_global": {
      "mae": 1.5264179456522207,
      "rmse": 1.8811939332584815,
      "n": 486
    },
    "ensemble": {
      "mae": 1.5264179456522207,
      "rmse": 1.8811939332584815,
      "n": 486
    }
  }
}