{
  "weights": {
    "w_ml": 1.0,
    "w_poisson": 0.0,
    "w_xg_exp": 0.0
  },
  "backtest_summary": {
    "baseline": {
      "mae": 1.402286282306163,
      "rmse": 1.7634918745859391
    },
    "ml_global": {
      "mae": 1.3808806522793091,
      "rmse": 1.7223044038876543
    },
    "n_folds": 4
  },
  "mae_ensemble_trainval": 0.954390327985997,
  "test_final": {
    "baseline": {
      "mae": 1.633681245858184,
      "rmse": 1.958679875715648,
      "n": 503
    },
    "ml_global": {
      "mae": 1.5337207619272275,
      "rmse": 1.8723970372008176,
      "n": 503
    },
    "ensemble": {
      "mae": 1.5337207619272275,
      "rmse": 1.8723970372008176,
      "n": 503
    }
  }
}