{
  "weights": {
    "w_ml": 1.0,
    "w_poisson": 0.0,
    "w_xg_exp": 0.0
  },
  "backtest_summary": {
    "baseline": {
      "mae": 1.400730198019802,
      "rmse": 1.7608856100252106
    },
    "ml_global": {
      "mae": 1.3730584172511864,
      "rmse": 1.7093473250764875
    },
    "n_folds": 4
  },
  "mae_ensemble_trainval": 0.9554984918963192,
  "test_final": {
    "baseline": {
      "mae": 1.6192409240924093,
      "rmse": 1.9472560452109429,
      "n": 505
    },
    "ml_global": {
      "mae": 1.5256987688028616,
      "rmse": 1.870188075955983,
      "n": 505
    },
    "ensemble": {
      "mae": 1.5256987688028616,
      "rmse": 1.870188075955983,
      "n": 505
    }
  }
}