{
  "weights": {
    "w_ml": 1.0,
    "w_poisson": 0.0,
    "w_xg_exp": 0.0
  },
  "backtest_summary": {
    "baseline": {
      "mae": 1.3957150101419877,
      "rmse": 1.75269275283856
    },
    "ml_global": {
      "mae": 1.3730958474378205,
      "rmse": 1.7116696393031499
    },
    "n_folds": 4
  },
  "mae_ensemble_trainval": 0.9472993161078969,
  "test_final": {
    "baseline": {
      "mae": 1.6325050709939148,
      "rmse": 1.974119833088479,
      "n": 493
    },
    "ml_global": {
      "mae": 1.5501240657951285,
      "rmse": 1.9123922201536288,
      "n": 493
    },
    "ensemble": {
      "mae": 1.5501240657951285,
      "rmse": 1.9123922201536288,
      "n": 493
    }
  }
}