{
  "weights": {
    "w_ml": 1.0,
    "w_poisson": 0.0,
    "w_xg_exp": 0.0
  },
  "backtest_summary": {
    "baseline": {
      "mae": 1.3957351434426228,
      "rmse": 1.7538887604585054
    },
    "ml_global": {
      "mae": 1.375102210164538,
      "rmse": 1.7127502941433754
    },
    "n_folds": 4
  },
  "mae_ensemble_trainval": 0.9462073541936239,
  "test_final": {
    "baseline": {
      "mae": 1.599641393442623,
      "rmse": 1.9383846546659527,
      "n": 488
    },
    "ml_global": {
      "mae": 1.5358916588497549,
      "rmse": 1.8838349087666628,
      "n": 488
    },
    "ensemble": {
      "mae": 1.5358916588497549,
      "rmse": 1.8838349087666628,
      "n": 488
    }
  }
}