{
  "weights": {
    "w_ml": 1.0,
    "w_poisson": 0.0,
    "w_xg_exp": 0.0
  },
  "backtest_summary": {
    "baseline": {
      "mae": 1.4051107393244104,
      "rmse": 1.7608297243866167
    },
    "ml_global": {
      "mae": 1.377612403374171,
      "rmse": 1.7081939637499366
    },
    "n_folds": 4
  },
  "mae_ensemble_trainval": 0.9641488190689614,
  "test_final": {
    "baseline": {
      "mae": 1.6421128107074567,
      "rmse": 1.9861304394685124,
      "n": 523
    },
    "ml_global": {
      "mae": 1.5746466314776644,
      "rmse": 1.927908009734818,
      "n": 523
    },
    "ensemble": {
      "mae": 1.5746466314776644,
      "rmse": 1.927908009734818,
      "n": 523
    }
  }
}