{
  "weights": {
    "w_ml": 1.0,
    "w_poisson": 0.0,
    "w_xg_exp": 0.0
  },
  "backtest_summary": {
    "baseline": {
      "mae": 1.40069580078125,
      "rmse": 1.7585828270681079
    },
    "ml_global": {
      "mae": 1.375441852376143,
      "rmse": 1.710496430992548
    },
    "n_folds": 4
  },
  "mae_ensemble_trainval": 0.961255598278811,
  "test_final": {
    "baseline": {
      "mae": 1.6197591145833332,
      "rmse": 1.9510824736567178,
      "n": 512
    },
    "ml_global": {
      "mae": 1.5289924799125032,
      "rmse": 1.8719132468554507,
      "n": 512
    },
    "ensemble": {
      "mae": 1.5289924799125032,
      "rmse": 1.8719132468554507,
      "n": 512
    }
  }
}