{
  "weights": {
    "w_ml": 1.0,
    "w_poisson": 0.0,
    "w_xg_exp": 0.0
  },
  "backtest_summary": {
    "baseline": {
      "mae": 1.3969515306122449,
      "rmse": 1.754191855586703
    },
    "ml_global": {
      "mae": 1.3692401176475775,
      "rmse": 1.708654333638123
    },
    "n_folds": 4
  },
  "mae_ensemble_trainval": 0.9483576892417084,
  "test_final": {
    "baseline": {
      "mae": 1.6062755102040818,
      "rmse": 1.9468719096094391,
      "n": 490
    },
    "ml_global": {
      "mae": 1.5409449225897263,
      "rmse": 1.8856764479234822,
      "n": 490
    },
    "ensemble": {
      "mae": 1.5409449225897263,
      "rmse": 1.8856764479234822,
      "n": 490
    }
  }
}