{
  "weights": {
    "w_ml": 1.0,
    "w_poisson": 0.0,
    "w_xg_exp": 0.0
  },
  "backtest_summary": {
    "baseline": {
      "mae": 1.3999581659973228,
      "rmse": 1.7572721725612366
    },
    "ml_global": {
      "mae": 1.3762818062755573,
      "rmse": 1.7102167448131151
    },
    "n_folds": 4
  },
  "mae_ensemble_trainval": 0.9515477253290913,
  "test_final": {
    "baseline": {
      "mae": 1.637533467202142,
      "rmse": 1.9797057498757313,
      "n": 498
    },
    "ml_global": {
      "mae": 1.5509856197961458,
      "rmse": 1.9126268062965026,
      "n": 498
    },
    "ensemble": {
      "mae": 1.5509856197961458,
      "rmse": 1.9126268062965026,
      "n": 498
    }
  }
}