{
  "weights": {
    "w_ml": 1.0,
    "w_poisson": 0.0,
    "w_xg_exp": 0.0
  },
  "backtest_summary": {
    "baseline": {
      "mae": 1.4062460089399744,
      "rmse": 1.7615618625506513
    },
    "ml_global": {
      "mae": 1.3822286499796317,
      "rmse": 1.7126867537114332
    },
    "n_folds": 4
  },
  "mae_ensemble_trainval": 0.9632098653035285,
  "test_final": {
    "baseline": {
      "mae": 1.61977969348659,
      "rmse": 1.9591593934513056,
      "n": 522
    },
    "ml_global": {
      "mae": 1.5415995196159225,
      "rmse": 1.8983471452050114,
      "n": 522
    },
    "ensemble": {
      "mae": 1.5415995196159225,
      "rmse": 1.8983471452050114,
      "n": 522
    }
  }
}