{
  "weights": {
    "w_ml": 1.0,
    "w_poisson": 0.0,
    "w_xg_exp": 0.0
  },
  "backtest_summary": {
    "baseline": {
      "mae": 1.4059648288973383,
      "rmse": 1.7607776003451476
    },
    "ml_global": {
      "mae": 1.3808977228997672,
      "rmse": 1.7095947644191878
    },
    "n_folds": 4
  },
  "mae_ensemble_trainval": 0.97420520336832,
  "test_final": {
    "baseline": {
      "mae": 1.6422845373891002,
      "rmse": 1.9894307426936608,
      "n": 526
    },
    "ml_global": {
      "mae": 1.5739207919523952,
      "rmse": 1.928865087427987,
      "n": 526
    },
    "ensemble": {
      "mae": 1.5739207919523952,
      "rmse": 1.928865087427987,
      "n": 526
    }
  }
}