{
  "weights": {
    "w_ml": 1.0,
    "w_poisson": 0.0,
    "w_xg_exp": 0.0
  },
  "backtest_summary": {
    "baseline": {
      "mae": 1.397625770020534,
      "rmse": 1.7552011271360521
    },
    "ml_global": {
      "mae": 1.3697825676669226,
      "rmse": 1.7105380019051195
    },
    "n_folds": 4
  },
  "mae_ensemble_trainval": 0.9566437224681756,
  "test_final": {
    "baseline": {
      "mae": 1.595876112251882,
      "rmse": 1.9362098090328503,
      "n": 487
    },
    "ml_global": {
      "mae": 1.5356874354118664,
      "rmse": 1.8834017984284823,
      "n": 487
    },
    "ensemble": {
      "mae": 1.5356874354118664,
      "rmse": 1.8834017984284823,
      "n": 487
    }
  }
}