{
  "weights": {
    "w_ml": 1.0,
    "w_poisson": 0.0,
    "w_xg_exp": 0.0
  },
  "backtest_summary": {
    "baseline": {
      "mae": 1.398881172839506,
      "rmse": 1.7572388595364434
    },
    "ml_global": {
      "mae": 1.3743299241543736,
      "rmse": 1.7150185405254206
    },
    "n_folds": 4
  },
  "mae_ensemble_trainval": 0.9499705742389755,
  "test_final": {
    "baseline": {
      "mae": 1.5754972565157752,
      "rmse": 1.9122780689855228,
      "n": 486
    },
    "ml_global": {
      "mae": 1.5085905256338679,
      "rmse": 1.854928780280033,
      "n": 486
    },
    "ensemble": {
      "mae": 1.5085905256338679,
      "rmse": 1.854928780280033,
      "n": 486
    }
  }
}