{
  "weights": {
    "w_ml": 1.0,
    "w_poisson": 0.0,
    "w_xg_exp": 0.0
  },
  "backtest_summary": {
    "baseline": {
      "mae": 1.3990043507362784,
      "rmse": 1.7566707237742645
    },
    "ml_global": {
      "mae": 1.3748989267073184,
      "rmse": 1.713351675088265
    },
    "n_folds": 4
  },
  "mae_ensemble_trainval": 0.9524553505042971,
  "test_final": {
    "baseline": {
      "mae": 1.640545515394913,
      "rmse": 1.9811607477183335,
      "n": 498
    },
    "ml_global": {
      "mae": 1.542558810485274,
      "rmse": 1.920965052228017,
      "n": 498
    },
    "ensemble": {
      "mae": 1.542558810485274,
      "rmse": 1.920965052228017,
      "n": 498
    }
  }
}