{
  "weights": {
    "w_ml": 1.0,
    "w_poisson": 0.0,
    "w_xg_exp": 0.0
  },
  "backtest_summary": {
    "baseline": {
      "mae": 1.3978439425051334,
      "rmse": 1.7562146830235719
    },
    "ml_global": {
      "mae": 1.3745833259509208,
      "rmse": 1.715815361797579
    },
    "n_folds": 4
  },
  "mae_ensemble_trainval": 0.9491782390686421,
  "test_final": {
    "baseline": {
      "mae": 1.5950547570157427,
      "rmse": 1.9345016192663427,
      "n": 487
    },
    "ml_global": {
      "mae": 1.523441982420751,
      "rmse": 1.879220103451612,
      "n": 487
    },
    "ensemble": {
      "mae": 1.523441982420751,
      "rmse": 1.879220103451612,
      "n": 487
    }
  }
}