{
  "weights": {
    "w_ml": 1.0,
    "w_poisson": 0.0,
    "w_xg_exp": 0.0
  },
  "backtest_summary": {
    "baseline": {
      "mae": 1.399873991935484,
      "rmse": 1.7569789647376703
    },
    "ml_global": {
      "mae": 1.3767910222579403,
      "rmse": 1.7172172404386798
    },
    "n_folds": 4
  },
  "mae_ensemble_trainval": 0.9521988174188357,
  "test_final": {
    "baseline": {
      "mae": 1.6310315860215054,
      "rmse": 1.9731985923398152,
      "n": 496
    },
    "ml_global": {
      "mae": 1.5340896540216373,
      "rmse": 1.9023555285148988,
      "n": 496
    },
    "ensemble": {
      "mae": 1.5340896540216373,
      "rmse": 1.9023555285148988,
      "n": 496
    }
  }
}