{
  "weights": {
    "w_ml": 1.0,
    "w_poisson": 0.0,
    "w_xg_exp": 0.0
  },
  "backtest_summary": {
    "baseline": {
      "mae": 1.3981663223140495,
      "rmse": 1.7568241882381583
    },
    "ml_global": {
      "mae": 1.372706971705752,
      "rmse": 1.7149203896602434
    },
    "n_folds": 4
  },
  "mae_ensemble_trainval": 0.9483743806033245,
  "test_final": {
    "baseline": {
      "mae": 1.5707988980716252,
      "rmse": 1.905907940602919,
      "n": 484
    },
    "ml_global": {
      "mae": 1.5085769912411406,
      "rmse": 1.8630261458876227,
      "n": 484
    },
    "ensemble": {
      "mae": 1.5085769912411406,
      "rmse": 1.8630261458876227,
      "n": 484
    }
  }
}