{
  "weights": {
    "w_ml": 1.0,
    "w_poisson": 0.0,
    "w_xg_exp": 0.0
  },
  "backtest_summary": {
    "baseline": {
      "mae": 1.3994699211045367,
      "rmse": 1.7590184969631715
    },
    "ml_global": {
      "mae": 1.3736136921100914,
      "rmse": 1.7089417509605407
    },
    "n_folds": 4
  },
  "mae_ensemble_trainval": 0.9643539945132465,
  "test_final": {
    "baseline": {
      "mae": 1.6191650230111765,
      "rmse": 1.9519282345938342,
      "n": 507
    },
    "ml_global": {
      "mae": 1.5308835220084187,
      "rmse": 1.8785170211349966,
      "n": 507
    },
    "ensemble": {
      "mae": 1.5308835220084187,
      "rmse": 1.8785170211349966,
      "n": 507
    }
  }
}