{
  "weights": {
    "w_ml": 1.0,
    "w_poisson": 0.0,
    "w_xg_exp": 0.0
  },
  "backtest_summary": {
    "baseline": {
      "mae": 1.396735829959514,
      "rmse": 1.75337133592546
    },
    "ml_global": {
      "mae": 1.3715532818444542,
      "rmse": 1.7093130446124198
    },
    "n_folds": 4
  },
  "mae_ensemble_trainval": 0.9460489975161812,
  "test_final": {
    "baseline": {
      "mae": 1.6310222672064778,
      "rmse": 1.9731520406404524,
      "n": 494
    },
    "ml_global": {
      "mae": 1.5473614481682025,
      "rmse": 1.9087726974500165,
      "n": 494
    },
    "ensemble": {
      "mae": 1.5473614481682025,
      "rmse": 1.9087726974500165,
      "n": 494
    }
  }
}