{
  "weights": {
    "w_ml": 1.0,
    "w_poisson": 0.0,
    "w_xg_exp": 0.0
  },
  "backtest_summary": {
    "baseline": {
      "mae": 1.400483630952381,
      "rmse": 1.7607460854349086
    },
    "ml_global": {
      "mae": 1.3729941839681246,
      "rmse": 1.7102526774842421
    },
    "n_folds": 4
  },
  "mae_ensemble_trainval": 0.9553900663589442,
  "test_final": {
    "baseline": {
      "mae": 1.6266203703703703,
      "rmse": 1.9530765734737212,
      "n": 504
    },
    "ml_global": {
      "mae": 1.539584147697801,
      "rmse": 1.887338641618417,
      "n": 504
    },
    "ensemble": {
      "mae": 1.539584147697801,
      "rmse": 1.887338641618417,
      "n": 504
    }
  }
}