{
  "weights": {
    "w_ml": 1.0,
    "w_poisson": 0.0,
    "w_xg_exp": 0.0
  },
  "backtest_summary": {
    "baseline": {
      "mae": 1.399404761904762,
      "rmse": 1.756516148780741
    },
    "ml_global": {
      "mae": 1.3758277154430474,
      "rmse": 1.7160986545661487
    },
    "n_folds": 4
  },
  "mae_ensemble_trainval": 0.9530788933625349,
  "test_final": {
    "baseline": {
      "mae": 1.6368712273641852,
      "rmse": 1.975947512599054,
      "n": 497
    },
    "ml_global": {
      "mae": 1.5403381086062915,
      "rmse": 1.9071114754742873,
      "n": 497
    },
    "ensemble": {
      "mae": 1.5403381086062915,
      "rmse": 1.9071114754742873,
      "n": 497
    }
  }
}