{
  "weights": {
    "w_ml": 1.0,
    "w_poisson": 0.0,
    "w_xg_exp": 0.0
  },
  "backtest_summary": {
    "baseline": {
      "mae": 1.4031998381877022,
      "rmse": 1.7602041383874707
    },
    "ml_global": {
      "mae": 1.3743474696424687,
      "rmse": 1.7064888163996472
    },
    "n_folds": 4
  },
  "mae_ensemble_trainval": 0.9666721216768247,
  "test_final": {
    "baseline": {
      "mae": 1.628139158576052,
      "rmse": 1.961150696661575,
      "n": 515
    },
    "ml_global": {
      "mae": 1.5353963429966904,
      "rmse": 1.8885800850504655,
      "n": 515
    },
    "ensemble": {
      "mae": 1.5353963429966904,
      "rmse": 1.8885800850504655,
      "n": 515
    }
  }
}