{
  "weights": {
    "w_ml": 1.0,
    "w_poisson": 0.0,
    "w_xg_exp": 0.0
  },
  "backtest_summary": {
    "baseline": {
      "mae": 1.3973268839103872,
      "rmse": 1.7545778705018784
    },
    "ml_global": {
      "mae": 1.3729597226773724,
      "rmse": 1.7140197482678787
    },
    "n_folds": 4
  },
  "mae_ensemble_trainval": 0.9535832740738026,
  "test_final": {
    "baseline": {
      "mae": 1.6038187372708759,
      "rmse": 1.9423000694679418,
      "n": 491
    },
    "ml_global": {
      "mae": 1.5341682128826022,
      "rmse": 1.8893249093223319,
      "n": 491
    },
    "ensemble": {
      "mae": 1.5341682128826022,
      "rmse": 1.8893249093223319,
      "n": 491
    }
  }
}