{
  "weights": {
    "w_ml": 1.0,
    "w_poisson": 0.0,
    "w_xg_exp": 0.0
  },
  "backtest_summary": {
    "baseline": {
      "mae": 1.3979420731707317,
      "rmse": 1.7546931361393803
    },
    "ml_global": {
      "mae": 1.3754101988433836,
      "rmse": 1.716003366460522
    },
    "n_folds": 4
  },
  "mae_ensemble_trainval": 0.9529661854406777,
  "test_final": {
    "baseline": {
      "mae": 1.6120426829268293,
      "rmse": 1.9506849505230024,
      "n": 492
    },
    "ml_global": {
      "mae": 1.5256620615868766,
      "rmse": 1.8799714717781726,
      "n": 492
    },
    "ensemble": {
      "mae": 1.5256620615868766,
      "rmse": 1.8799714717781726,
      "n": 492
    }
  }
}