{
  "weights": {
    "w_ml": 1.0,
    "w_poisson": 0.0,
    "w_xg_exp": 0.0
  },
  "backtest_summary": {
    "baseline": {
      "mae": 1.4002075033200532,
      "rmse": 1.7597082579524095
    },
    "ml_global": {
      "mae": 1.375913083223259,
      "rmse": 1.7168355123230508
    },
    "n_folds": 4
  },
  "mae_ensemble_trainval": 0.9594983661934451,
  "test_final": {
    "baseline": {
      "mae": 1.6410524568393094,
      "rmse": 1.972426297511431,
      "n": 502
    },
    "ml_global": {
      "mae": 1.5375369842832751,
      "rmse": 1.8898898902762449,
      "n": 502
    },
    "ensemble": {
      "mae": 1.5375369842832751,
      "rmse": 1.8898898902762449,
      "n": 502
    }
  }
}