{
  "weights": {
    "w_ml": 1.0,
    "w_poisson": 0.0,
    "w_xg_exp": 0.0
  },
  "backtest_summary": {
    "baseline": {
      "mae": 1.4118435534591194,
      "rmse": 1.7671089718431996
    },
    "ml_global": {
      "mae": 1.3759550965198426,
      "rmse": 1.7087672028136387
    },
    "n_folds": 4
  },
  "mae_ensemble_trainval": 0.9779066729265393,
  "test_final": {
    "baseline": {
      "mae": 1.6304088050314465,
      "rmse": 1.9827750786659128,
      "n": 530
    },
    "ml_global": {
      "mae": 1.58849902423277,
      "rmse": 1.937608661997955,
      "n": 530
    },
    "ensemble": {
      "mae": 1.58849902423277,
      "rmse": 1.937608661997955,
      "n": 530
    }
  }
}