{
  "weights": {
    "w_ml": 1.0,
    "w_poisson": 0.0,
    "w_xg_exp": 0.0
  },
  "backtest_summary": {
    "baseline": {
      "mae": 1.4056318240205523,
      "rmse": 1.7617149079829957
    },
    "ml_global": {
      "mae": 1.3822580561200704,
      "rmse": 1.7132966722289493
    },
    "n_folds": 4
  },
  "mae_ensemble_trainval": 0.9691871519570082,
  "test_final": {
    "baseline": {
      "mae": 1.6250963391136801,
      "rmse": 1.961235840824727,
      "n": 519
    },
    "ml_global": {
      "mae": 1.5436323098285796,
      "rmse": 1.900458683229766,
      "n": 519
    },
    "ensemble": {
      "mae": 1.5436323098285796,
      "rmse": 1.900458683229766,
      "n": 519
    }
  }
}