{
  "weights": {
    "w_ml": 1.0,
    "w_poisson": 0.0,
    "w_xg_exp": 0.0
  },
  "backtest_summary": {
    "baseline": {
      "mae": 1.405730166346769,
      "rmse": 1.7611585652034603
    },
    "ml_global": {
      "mae": 1.380691041833422,
      "rmse": 1.7101956593967007
    },
    "n_folds": 4
  },
  "mae_ensemble_trainval": 0.9711166476047745,
  "test_final": {
    "baseline": {
      "mae": 1.6190499040307103,
      "rmse": 1.957207991281093,
      "n": 521
    },
    "ml_global": {
      "mae": 1.5419123580923806,
      "rmse": 1.8993499458222973,
      "n": 521
    },
    "ensemble": {
      "mae": 1.5419123580923806,
      "rmse": 1.8993499458222973,
      "n": 521
    }
  }
}