{
  "weights": {
    "w_ml": 1.0,
    "w_poisson": 0.0,
    "w_xg_exp": 0.0
  },
  "backtest_summary": {
    "baseline": {
      "mae": 1.4059359096692114,
      "rmse": 1.7608205578575908
    },
    "ml_global": {
      "mae": 1.3791487761501475,
      "rmse": 1.7091023605129099
    },
    "n_folds": 4
  },
  "mae_ensemble_trainval": 0.971201469136011,
  "test_final": {
    "baseline": {
      "mae": 1.6354961832061068,
      "rmse": 1.9833797063024392,
      "n": 524
    },
    "ml_global": {
      "mae": 1.5603170455405366,
      "rmse": 1.9206897361937247,
      "n": 524
    },
    "ensemble": {
      "mae": 1.5603170455405366,
      "rmse": 1.9206897361937247,
      "n": 524
    }
  }
}