{
  "weights": {
    "w_ml": 1.0,
    "w_poisson": 0.0,
    "w_xg_exp": 0.0
  },
  "backtest_summary": {
    "baseline": {
      "mae": 1.399708251150559,
      "rmse": 1.7594306973734626
    },
    "ml_global": {
      "mae": 1.3685198205102267,
      "rmse": 1.7066903188001146
    },
    "n_folds": 4
  },
  "mae_ensemble_trainval": 0.9589003834434825,
  "test_final": {
    "baseline": {
      "mae": 1.614234056541749,
      "rmse": 1.946955385427928,
      "n": 507
    },
    "ml_global": {
      "mae": 1.5397706871392856,
      "rmse": 1.8820438494797012,
      "n": 507
    },
    "ensemble": {
      "mae": 1.5397706871392856,
      "rmse": 1.8820438494797012,
      "n": 507
    }
  }
}