{
  "weights": {
    "w_ml": 1.0,
    "w_poisson": 0.0,
    "w_xg_exp": 0.0
  },
  "backtest_summary": {
    "baseline": {
      "mae": 1.407724541429475,
      "rmse": 1.7634042485200747
    },
    "ml_global": {
      "mae": 1.3771826556649687,
      "rmse": 1.7058454190445527
    },
    "n_folds": 4
  },
  "mae_ensemble_trainval": 0.9756337266772487,
  "test_final": {
    "baseline": {
      "mae": 1.629301075268817,
      "rmse": 1.9723328454541926,
      "n": 527
    },
    "ml_global": {
      "mae": 1.5870086395682428,
      "rmse": 1.940076438706001,
      "n": 527
    },
    "ensemble": {
      "mae": 1.5870086395682428,
      "rmse": 1.940076438706001,
      "n": 527
    }
  }
}