{
  "weights": {
    "w_ml": 1.0,
    "w_poisson": 0.0,
    "w_xg_exp": 0.0
  },
  "backtest_summary": {
    "baseline": {
      "mae": 1.3981565656565655,
      "rmse": 1.7548940879361248
    },
    "ml_global": {
      "mae": 1.3743455954433264,
      "rmse": 1.71342832781633
    },
    "n_folds": 4
  },
  "mae_ensemble_trainval": 0.9470374049168012,
  "test_final": {
    "baseline": {
      "mae": 1.6394444444444447,
      "rmse": 1.982878488149345,
      "n": 495
    },
    "ml_global": {
      "mae": 1.554458869889805,
      "rmse": 1.922586052506787,
      "n": 495
    },
    "ensemble": {
      "mae": 1.554458869889805,
      "rmse": 1.922586052506787,
      "n": 495
    }
  }
}