{
  "weights": {
    "w_ml": 1.0,
    "w_poisson": 0.0,
    "w_xg_exp": 0.0
  },
  "backtest_summary": {
    "baseline": {
      "mae": 1.3995250000000001,
      "rmse": 1.7587999566436232
    },
    "ml_global": {
      "mae": 1.375895897935323,
      "rmse": 1.7157009169987287
    },
    "n_folds": 4
  },
  "mae_ensemble_trainval": 0.9547711341477196,
  "test_final": {
    "baseline": {
      "mae": 1.63475,
      "rmse": 1.9692972872462795,
      "n": 500
    },
    "ml_global": {
      "mae": 1.5369762582124413,
      "rmse": 1.9005484737106961,
      "n": 500
    },
    "ensemble": {
      "mae": 1.5369762582124413,
      "rmse": 1.9005484737106961,
      "n": 500
    }
  }
}