{
  "weights": {
    "w_ml": 1.0,
    "w_poisson": 0.0,
    "w_xg_exp": 0.0
  },
  "backtest_summary": {
    "baseline": {
      "mae": 1.4091376333961079,
      "rmse": 1.764580796888184
    },
    "ml_global": {
      "mae": 1.3789440994268285,
      "rmse": 1.7088036788903467
    },
    "n_folds": 4
  },
  "mae_ensemble_trainval": 0.9755316074099635,
  "test_final": {
    "baseline": {
      "mae": 1.6345888261142494,
      "rmse": 1.985656151386231,
      "n": 531
    },
    "ml_global": {
      "mae": 1.5945836746172164,
      "rmse": 1.9415477992879806,
      "n": 531
    },
    "ensemble": {
      "mae": 1.5945836746172164,
      "rmse": 1.9415477992879806,
      "n": 531
    }
  }
}