{
  "weights": {
    "w_ml": 1.0,
    "w_poisson": 0.0,
    "w_xg_exp": 0.0
  },
  "backtest_summary": {
    "baseline": {
      "mae": 1.4088649968494016,
      "rmse": 1.7639336374945813
    },
    "ml_global": {
      "mae": 1.377295616612292,
      "rmse": 1.7083694535394873
    },
    "n_folds": 4
  },
  "mae_ensemble_trainval": 0.9761690015766683,
  "test_final": {
    "baseline": {
      "mae": 1.6359483301827349,
      "rmse": 1.9887540231479786,
      "n": 529
    },
    "ml_global": {
      "mae": 1.5929190582507147,
      "rmse": 1.9452482799826745,
      "n": 529
    },
    "ensemble": {
      "mae": 1.5929190582507147,
      "rmse": 1.9452482799826745,
      "n": 529
    }
  }
}