{
  "weights": {
    "w_ml": 1.0,
    "w_poisson": 0.0,
    "w_xg_exp": 0.0
  },
  "backtest_summary": {
    "baseline": {
      "mae": 1.4004452614379084,
      "rmse": 1.7586964500691695
    },
    "ml_global": {
      "mae": 1.3744122549346278,
      "rmse": 1.7095725534188595
    },
    "n_folds": 4
  },
  "mae_ensemble_trainval": 0.9596806211646344,
  "test_final": {
    "baseline": {
      "mae": 1.6247385620915034,
      "rmse": 1.9566839111375591,
      "n": 510
    },
    "ml_global": {
      "mae": 1.5357112637857453,
      "rmse": 1.8794331710144725,
      "n": 510
    },
    "ensemble": {
      "mae": 1.5357112637857453,
      "rmse": 1.8794331710144725,
      "n": 510
    }
  }
}