{
  "weights": {
    "w_ml": 1.0,
    "w_poisson": 0.0,
    "w_xg_exp": 0.0
  },
  "backtest_summary": {
    "baseline": {
      "mae": 1.3994430693069306,
      "rmse": 1.7593811800855939
    },
    "ml_global": {
      "mae": 1.3665574976846724,
      "rmse": 1.702981001299424
    },
    "n_folds": 4
  },
  "mae_ensemble_trainval": 0.9581266515223671,
  "test_final": {
    "baseline": {
      "mae": 1.621023102310231,
      "rmse": 1.9504110170201385,
      "n": 505
    },
    "ml_global": {
      "mae": 1.5392641208162634,
      "rmse": 1.8808271043054476,
      "n": 505
    },
    "ensemble": {
      "mae": 1.5392641208162634,
      "rmse": 1.8808271043054476,
      "n": 505
    }
  }
}