{
  "weights": {
    "w_ml": 1.0,
    "w_poisson": 0.0,
    "w_xg_exp": 0.0
  },
  "backtest_summary": {
    "baseline": {
      "mae": 1.3969202898550726,
      "rmse": 1.7556500297012483
    },
    "ml_global": {
      "mae": 1.369694530720439,
      "rmse": 1.710071007105804
    },
    "n_folds": 4
  },
  "mae_ensemble_trainval": 0.9448838738500459,
  "test_final": {
    "baseline": {
      "mae": 1.5746721877156657,
      "rmse": 1.9112572568383739,
      "n": 483
    },
    "ml_global": {
      "mae": 1.5065185133705838,
      "rmse": 1.8694005126181914,
      "n": 483
    },
    "ensemble": {
      "mae": 1.5065185133705838,
      "rmse": 1.8694005126181914,
      "n": 483
    }
  }
}