{
  "weights": {
    "w_ml": 1.0,
    "w_poisson": 0.0,
    "w_xg_exp": 0.0
  },
  "backtest_summary": {
    "baseline": {
      "mae": 1.4018640350877192,
      "rmse": 1.759358771539105
    },
    "ml_global": {
      "mae": 1.3752226422833942,
      "rmse": 1.7091087462471468
    },
    "n_folds": 4
  },
  "mae_ensemble_trainval": 0.9665329687969632,
  "test_final": {
    "baseline": {
      "mae": 1.6249350227420403,
      "rmse": 1.9579187483680665,
      "n": 513
    },
    "ml_global": {
      "mae": 1.5350691654145021,
      "rmse": 1.871282210988795,
      "n": 513
    },
    "ensemble": {
      "mae": 1.5350691654145021,
      "rmse": 1.871282210988795,
      "n": 513
    }
  }
}