{
  "weights": {
    "w_ml": 1.0,
    "w_poisson": 0.0,
    "w_xg_exp": 0.0
  },
  "backtest_summary": {
    "baseline": {
      "mae": 1.400135068762279,
      "rmse": 1.7587644410268486
    },
    "ml_global": {
      "mae": 1.3716861908402904,
      "rmse": 1.7054034705351115
    },
    "n_folds": 4
  },
  "mae_ensemble_trainval": 0.9588715109885579,
  "test_final": {
    "baseline": {
      "mae": 1.6171250818598557,
      "rmse": 1.951223525944448,
      "n": 509
    },
    "ml_global": {
      "mae": 1.5363091036797347,
      "rmse": 1.8815816021246183,
      "n": 509
    },
    "ensemble": {
      "mae": 1.5363091036797347,
      "rmse": 1.8815816021246183,
      "n": 509
    }
  }
}