{
  "weights": {
    "w_ml": 1.0,
    "w_poisson": 0.0,
    "w_xg_exp": 0.0
  },
  "backtest_summary": {
    "baseline": {
      "mae": 1.4100299873737374,
      "rmse": 1.7656636089497955
    },
    "ml_global": {
      "mae": 1.380843284918598,
      "rmse": 1.7132493292516635
    },
    "n_folds": 4
  },
  "mae_ensemble_trainval": 0.978503058651332,
  "test_final": {
    "baseline": {
      "mae": 1.6252683080808081,
      "rmse": 1.9721023246561373,
      "n": 528
    },
    "ml_global": {
      "mae": 1.5792870111670911,
      "rmse": 1.9309821290974456,
      "n": 528
    },
    "ensemble": {
      "mae": 1.5792870111670911,
      "rmse": 1.9309821290974456,
      "n": 528
    }
  }
}