{
  "weights": {
    "w_ml": 1.0,
    "w_poisson": 0.0,
    "w_xg_exp": 0.0
  },
  "backtest_summary": {
    "baseline": {
      "mae": 1.4052918256997455,
      "rmse": 1.760600354467905
    },
    "ml_global": {
      "mae": 1.3781689272098046,
      "rmse": 1.7072743929176657
    },
    "n_folds": 4
  },
  "mae_ensemble_trainval": 0.9671273763551043,
  "test_final": {
    "baseline": {
      "mae": 1.643368320610687,
      "rmse": 1.9898480350273284,
      "n": 524
    },
    "ml_global": {
      "mae": 1.5677148342876117,
      "rmse": 1.928170272417976,
      "n": 524
    },
    "ensemble": {
      "mae": 1.5677148342876117,
      "rmse": 1.928170272417976,
      "n": 524
    }
  }
}