{
  "weights": {
    "w_ml": 1.0,
    "w_poisson": 0.0,
    "w_xg_exp": 0.0
  },
  "backtest_summary": {
    "baseline": {
      "mae": 1.3991500000000001,
      "rmse": 1.758470852073337
    },
    "ml_global": {
      "mae": 1.3708892209479133,
      "rmse": 1.7112716125491185
    },
    "n_folds": 4
  },
  "mae_ensemble_trainval": 0.951144385046949,
  "test_final": {
    "baseline": {
      "mae": 1.63715,
      "rmse": 1.9706069637437993,
      "n": 500
    },
    "ml_global": {
      "mae": 1.5512004587506678,
      "rmse": 1.9068759987173935,
      "n": 500
    },
    "ensemble": {
      "mae": 1.5512004587506678,
      "rmse": 1.9068759987173935,
      "n": 500
    }
  }
}