{
  "weights": {
    "w_ml": 1.0,
    "w_poisson": 0.0,
    "w_xg_exp": 0.0
  },
  "backtest_summary": {
    "baseline": {
      "mae": 1.405787483912484,
      "rmse": 1.761913857572782
    },
    "ml_global": {
      "mae": 1.3778602479583473,
      "rmse": 1.7088531845413062
    },
    "n_folds": 4
  },
  "mae_ensemble_trainval": 0.9661606048305371,
  "test_final": {
    "baseline": {
      "mae": 1.628426640926641,
      "rmse": 1.9640472584485165,
      "n": 518
    },
    "ml_global": {
      "mae": 1.5444720429472618,
      "rmse": 1.8975030346722248,
      "n": 518
    },
    "ensemble": {
      "mae": 1.5444720429472618,
      "rmse": 1.8975030346722248,
      "n": 518
    }
  }
}