{
  "weights": {
    "w_ml": 1.0,
    "w_poisson": 0.0,
    "w_xg_exp": 0.0
  },
  "backtest_summary": {
    "baseline": {
      "mae": 1.3994006849315068,
      "rmse": 1.75753173472979
    },
    "ml_global": {
      "mae": 1.3732118918991842,
      "rmse": 1.7099752259457275
    },
    "n_folds": 4
  },
  "mae_ensemble_trainval": 0.9606471089326959,
  "test_final": {
    "baseline": {
      "mae": 1.629778212654925,
      "rmse": 1.9599573078008172,
      "n": 511
    },
    "ml_global": {
      "mae": 1.5399169734684532,
      "rmse": 1.8816800268268987,
      "n": 511
    },
    "ensemble": {
      "mae": 1.5399169734684532,
      "rmse": 1.8816800268268987,
      "n": 511
    }
  }
}