{
  "weights": {
    "w_ml": 1.0,
    "w_poisson": 0.0,
    "w_xg_exp": 0.0
  },
  "backtest_summary": {
    "baseline": {
      "mae": 1.4049574502247915,
      "rmse": 1.7611141226718725
    },
    "ml_global": {
      "mae": 1.3771081180618114,
      "rmse": 1.7086352450777267
    },
    "n_folds": 4
  },
  "mae_ensemble_trainval": 0.9658415848112479,
  "test_final": {
    "baseline": {
      "mae": 1.624325626204239,
      "rmse": 1.9608821331478545,
      "n": 519
    },
    "ml_global": {
      "mae": 1.5401867174734787,
      "rmse": 1.893424278767707,
      "n": 519
    },
    "ensemble": {
      "mae": 1.5401867174734787,
      "rmse": 1.893424278767707,
      "n": 519
    }
  }
}