{
  "weights": {
    "w_ml": 1.0,
    "w_poisson": 0.0,
    "w_xg_exp": 0.0
  },
  "backtest_summary": {
    "baseline": {
      "mae": 1.4033276588845656,
      "rmse": 1.760208570930112
    },
    "ml_global": {
      "mae": 1.3760287241332805,
      "rmse": 1.7112301196441038
    },
    "n_folds": 4
  },
  "mae_ensemble_trainval": 0.9722115380216121,
  "test_final": {
    "baseline": {
      "mae": 1.630139429312581,
      "rmse": 1.9641176612970355,
      "n": 514
    },
    "ml_global": {
      "mae": 1.542152108826218,
      "rmse": 1.8936381824700317,
      "n": 514
    },
    "ensemble": {
      "mae": 1.542152108826218,
      "rmse": 1.8936381824700317,
      "n": 514
    }
  }
}