{
  "weights": {
    "w_ml": 1.0,
    "w_poisson": 0.0,
    "w_xg_exp": 0.0
  },
  "backtest_summary": {
    "baseline": {
      "mae": 1.3976610429447853,
      "rmse": 1.7552152699252757
    },
    "ml_global": {
      "mae": 1.3708282459511767,
      "rmse": 1.7088134988970767
    },
    "n_folds": 4
  },
  "mae_ensemble_trainval": 0.951206376734717,
  "test_final": {
    "baseline": {
      "mae": 1.599233128834356,
      "rmse": 1.939018954763012,
      "n": 489
    },
    "ml_global": {
      "mae": 1.5373028026022162,
      "rmse": 1.8861553041490329,
      "n": 489
    },
    "ensemble": {
      "mae": 1.5373028026022162,
      "rmse": 1.8861553041490329,
      "n": 489
    }
  }
}