{
  "weights": {
    "w_ml": 1.0,
    "w_poisson": 0.0,
    "w_xg_exp": 0.0
  },
  "backtest_summary": {
    "baseline": {
      "mae": 1.4041626291989664,
      "rmse": 1.7614240040310376
    },
    "ml_global": {
      "mae": 1.376723125904638,
      "rmse": 1.7082433856625983
    },
    "n_folds": 4
  },
  "mae_ensemble_trainval": 0.9668204874391446,
  "test_final": {
    "baseline": {
      "mae": 1.6329295865633076,
      "rmse": 1.9663731756109453,
      "n": 516
    },
    "ml_global": {
      "mae": 1.5417967825438186,
      "rmse": 1.8920625469541599,
      "n": 516
    },
    "ensemble": {
      "mae": 1.5417967825438186,
      "rmse": 1.8920625469541599,
      "n": 516
    }
  }
}