{
  "weights": {
    "w_ml": 1.0,
    "w_poisson": 0.0,
    "w_xg_exp": 0.0
  },
  "backtest_summary": {
    "baseline": {
      "mae": 1.4013861055444223,
      "rmse": 1.7601019340544541
    },
    "ml_global": {
      "mae": 1.3783275070862249,
      "rmse": 1.7173430165487515
    },
    "n_folds": 4
  },
  "mae_ensemble_trainval": 0.955045290935417,
  "test_final": {
    "baseline": {
      "mae": 1.6286406145624583,
      "rmse": 1.9656259275968937,
      "n": 499
    },
    "ml_global": {
      "mae": 1.5318901799632996,
      "rmse": 1.893959299405436,
      "n": 499
    },
    "ensemble": {
      "mae": 1.5318901799632996,
      "rmse": 1.893959299405436,
      "n": 499
    }
  }
}