{
  "weights": {
    "w_ml": 1.0,
    "w_poisson": 0.0,
    "w_xg_exp": 0.0
  },
  "backtest_summary": {
    "baseline": {
      "mae": 1.3977541067761807,
      "rmse": 1.7553279370265416
    },
    "ml_global": {
      "mae": 1.37016688668442,
      "rmse": 1.710134369678819
    },
    "n_folds": 4
  },
  "mae_ensemble_trainval": 0.9564619332811092,
  "test_final": {
    "baseline": {
      "mae": 1.5979295003422311,
      "rmse": 1.9369202267094259,
      "n": 487
    },
    "ml_global": {
      "mae": 1.536371686754555,
      "rmse": 1.8914681382262362,
      "n": 487
    },
    "ensemble": {
      "mae": 1.536371686754555,
      "rmse": 1.8914681382262362,
      "n": 487
    }
  }
}