{
  "weights": {
    "w_ml": 1.0,
    "w_poisson": 0.0,
    "w_xg_exp": 0.0
  },
  "backtest_summary": {
    "baseline": {
      "mae": 1.4028060400516793,
      "rmse": 1.7593138210226495
    },
    "ml_global": {
      "mae": 1.3772333930596075,
      "rmse": 1.705709549232266
    },
    "n_folds": 4
  },
  "mae_ensemble_trainval": 0.9652633153867792,
  "test_final": {
    "baseline": {
      "mae": 1.6296350129198967,
      "rmse": 1.9661415546824434,
      "n": 516
    },
    "ml_global": {
      "mae": 1.5463617212075078,
      "rmse": 1.901491938881365,
      "n": 516
    },
    "ensemble": {
      "mae": 1.5463617212075078,
      "rmse": 1.901491938881365,
      "n": 516
    }
  }
}