fold,cat_mae,hgb_mae,lgb_mae,stack_mae,stack_rmse,stack_r2
1,1.3132623487194877,1.4204245855427715,1.458917882028109,1.2970330917088975,1.6194915315449685,0.04038129470191776
2,1.358671870962058,1.4485105551310389,1.4755136355589313,1.3448284907594135,1.6757339438159593,0.07956141712973563
3,1.3044983448742062,1.2945831336100828,1.3089744099439296,1.2679897578135946,1.601257053790272,0.08288763157718437
4,1.270885689740227,1.312254339950462,1.34361321321146,1.253421596233813,1.5706977788897425,0.055134971515339526
