fold,cat_mae,hgb_mae,lgb_mae,stack_mae,stack_rmse,stack_r2
1,1.321565958477879,1.4766905238213763,1.4669358421026304,1.3054087848982434,1.6252977378411364,0.03903140144445172
2,1.3616252580120047,1.4286347442670164,1.4305524419876945,1.348202301631861,1.6805516246410734,0.0732024417619852
3,1.27018295050812,1.275951017602872,1.314049759532062,1.249967126252108,1.598074254100625,0.0734126855406011
4,1.3032233853699728,1.3470171001517706,1.3962570661382394,1.2675616613906964,1.5837044985362776,0.04264052541540364
