fold,cat_mae,hgb_mae,lgb_mae,stack_mae,stack_rmse,stack_r2
1,1.3150204840342727,1.466046095679609,1.4469595573181337,1.3013665922168078,1.6270422892207501,0.032704444022553236
2,1.3742186770384026,1.4598956060269948,1.4582645059486927,1.3571745880989132,1.693815932197815,0.059227749493202975
3,1.2892010193932664,1.2965573333494487,1.325753220434539,1.2643896813171245,1.6038917149616747,0.08545933129530525
4,1.2497569366617303,1.2975322481880238,1.334779986886747,1.2321948205966395,1.5497460032139538,0.05710672556226304
