fold,cat_mae,hgb_mae,lgb_mae,stack_mae,stack_rmse,stack_r2
1,1.3220537414002123,1.4787959967058475,1.4688479392243345,1.306011211309706,1.6264637633319652,0.03897499958781703
2,1.3601655731320637,1.4465722186756889,1.4357473546400503,1.351410176174115,1.6759768538730027,0.0828016688376495
3,1.2629519773737092,1.2708805461624562,1.2978303930940556,1.2436364932521005,1.5849186315901076,0.07593592298710661
4,1.3089440319480647,1.3526816489856932,1.3713213128521973,1.278131883214626,1.6012903562128808,0.03263602702058577
