fold,cat_mae,hgb_mae,lgb_mae,stack_mae,stack_rmse,stack_r2
1,1.3304977679544623,1.4599635445349104,1.4672328758216848,1.3123688850487332,1.6314570797864518,0.04006830256890914
2,1.3598493046314575,1.4276623000543462,1.4392031115679662,1.3475160824741255,1.675108039798562,0.07511745235758238
3,1.2858923061845704,1.3093956371143425,1.3124732321978203,1.271242659545007,1.6070229763903918,0.0789029804160607
4,1.2902603806270925,1.3051689240499085,1.3580151721028988,1.26088687588954,1.5686295691395484,0.06142568460654463
