fold,cat_mae,hgb_mae,lgb_mae,stack_mae,stack_rmse,stack_r2
1,1.3136533937713233,1.4214802029239313,1.4588060842360462,1.296723407076806,1.6186638433440756,0.04012436634891725
2,1.3689366839034944,1.449889556588584,1.4519484732310008,1.3541692830705976,1.6895373253164017,0.06422581882673117
3,1.290835852873358,1.3161260642246961,1.3182197004020348,1.2681724154682164,1.6034229644132798,0.07986050707642556
4,1.2590669875048865,1.3021401557297643,1.340245951739432,1.2349638204727948,1.545844896415334,0.06755092115572647
