fold,cat_mae,hgb_mae,lgb_mae,stack_mae,stack_rmse,stack_r2
1,1.330105547378085,1.4812776672288042,1.4693012645460954,1.304953506029529,1.629097780080152,0.03791236420769595
2,1.3640176308426126,1.428704352579371,1.4436751620766153,1.3516883175925065,1.6815826469718615,0.0715176378507476
3,1.2717949582784362,1.2760652243389354,1.321112094074398,1.2452120821814043,1.5810875636056918,0.08622863346154419
4,1.2872208513868282,1.3392940677313334,1.3587186666466622,1.2622333543132689,1.583373562475372,0.0562414883989133
