fold,cat_mae,hgb_mae,lgb_mae,stack_mae,stack_rmse,stack_r2
1,1.315236490222909,1.4677212800110122,1.4487789063258358,1.3012299726973284,1.6281510920624789,0.033008334240040016
2,1.382323249903261,1.4502457794729469,1.4743906646654994,1.362324985802408,1.686350233227389,0.06702612353332982
3,1.2966251913188853,1.2852271882692283,1.311244215850604,1.2618850192232456,1.601758172194059,0.08697775019143139
4,1.2946092421667186,1.3189123151680915,1.3664542344273778,1.2544683098955869,1.566560091655899,0.04903308027108255
