fold,cat_mae,hgb_mae,lgb_mae,stack_mae,stack_rmse,stack_r2
1,1.3168773511789167,1.4734028271933581,1.4730197274191288,1.3080718992975477,1.635246626599156,0.032707361960591874
2,1.3720096945006668,1.436677505409626,1.4509972661978245,1.3581728410618907,1.686967167517441,0.06875810340447785
3,1.2646785469365467,1.2692433449459235,1.30430271793477,1.2399498460316096,1.5781889359796308,0.08292338791832621
4,1.2913278104462937,1.3502803804147496,1.3576727106068296,1.268890821191529,1.5882017911588886,0.0509288661671945
