fold,cat_mae,hgb_mae,lgb_mae,stack_mae,stack_rmse,stack_r2
1,1.331695855252356,1.464032561252975,1.4691932959629899,1.313701864643153,1.6332073569461616,0.040641899420323035
2,1.3613253853222673,1.4330948381306834,1.4606580459859597,1.347505276962413,1.6827279973512885,0.06850083078083591
3,1.2926846926582654,1.2800999378612858,1.3151874251417732,1.258232617168205,1.5982641810451108,0.08334689112108351
4,1.2813461438886815,1.3231709892998322,1.3465955435696664,1.2533603131636146,1.5660274825661153,0.0548780029704915
