fold,cat_mae,hgb_mae,lgb_mae,stack_mae,stack_rmse,stack_r2
1,1.3143339157212637,1.4747533018819663,1.4744189892377766,1.3045546629109193,1.630770472636251,0.03288216443854797
2,1.3660656999341356,1.4368619714843691,1.4319489522309035,1.3514166832220103,1.6827657572940558,0.07675212154280586
3,1.2719014797499466,1.256513758126632,1.296885049835554,1.2351252258775463,1.5816034571990805,0.08373874303656137
4,1.3034149473909284,1.3462707409623889,1.3880934763270134,1.26389610134667,1.5894520288266698,0.0496700080861715
