fold,cat_mae,hgb_mae,lgb_mae,stack_mae,stack_rmse,stack_r2
1,1.3393561997682981,1.4394506410404937,1.44702217461192,1.306573389606326,1.62544292111326,0.033760202489212854
2,1.3531043182526075,1.4420955400940279,1.4737693319451002,1.3411824893044155,1.6828604117741293,0.0686401538340613
3,1.3034468118076787,1.2990371768310445,1.317917826314909,1.268399575356668,1.5943659917350026,0.10257706536653832
4,1.2614459185365694,1.2819150667087538,1.3215561579873907,1.2341142300559875,1.539195076659299,0.06839422556841301
