fold,cat_mae,hgb_mae,lgb_mae,stack_mae,stack_rmse,stack_r2
1,1.3251229879561053,1.4496605673982936,1.4591485322253754,1.3089521659866383,1.6305466302779974,0.033420754389377416
2,1.3685761434496884,1.4350827830481665,1.4746533385269744,1.3501599988347859,1.68012632699416,0.07200582988730397
3,1.3023113338538272,1.280662493175276,1.333358080432894,1.259684372915126,1.6100314913098188,0.0788222155787014
4,1.269024758670396,1.3050782823129259,1.3444409679961185,1.237198676586347,1.5505874142035956,0.06451125400019142
