fold,cat_mae,hgb_mae,lgb_mae,stack_mae,stack_rmse,stack_r2
1,1.3112295942865133,1.4311522065898956,1.4639519061694253,1.2998961000209288,1.6185516406093305,0.042866804109024326
2,1.3558376994272585,1.4505306976589345,1.4549533193426027,1.3512857873082877,1.6851695281035595,0.06998805352544235
3,1.2895892126128297,1.2885720291316716,1.3205335700207848,1.2629387262967546,1.6013897361965863,0.0846551303121249
4,1.2622276298147939,1.3029005623140544,1.3325583429182373,1.2406691428412049,1.5592211555738102,0.05575540679601243
