fold,cat_mae,hgb_mae,lgb_mae,stack_mae,stack_rmse,stack_r2
1,1.331164336980662,1.4634747726135773,1.4715350343056126,1.3109558805887038,1.6387669213659146,0.0340803711164791
2,1.3406662543527472,1.4189486111162013,1.4544909507987605,1.3300486725621297,1.6669387812677643,0.08589953099036907
3,1.2837680998587668,1.2853808690650046,1.2997176952839375,1.255808009654056,1.602259622452022,0.07682434835174812
4,1.2803557745337448,1.3414454801633047,1.3822684190478027,1.2568886771649903,1.5710041747428491,0.049820331777022386
