fold,cat_mae,hgb_mae,lgb_mae,stack_mae,stack_rmse,stack_r2
1,1.3162751833004436,1.4682088523485912,1.450152932720181,1.3019188237098274,1.6289778947293032,0.03243138151856417
2,1.3533398519771291,1.4450762221020423,1.4517837971055338,1.3433335049325614,1.6786348362174408,0.07318794959294417
3,1.297122175740275,1.2671545598111527,1.3141653000658575,1.2527890959080346,1.593842694939748,0.09904342938752841
4,1.2998021104046733,1.3126502536509217,1.3453301933620347,1.260234453175029,1.5787518767864406,0.04627774259468742
