fold,cat_mae,hgb_mae,lgb_mae,stack_mae,stack_rmse,stack_r2
1,1.331990550585949,1.471965767461749,1.474054474041682,1.3030371549735236,1.6268929836063037,0.03218697539280302
2,1.370657957160281,1.4373568567171895,1.4774199191078718,1.3519298718746873,1.6814902507638123,0.071659086639281
3,1.2953616589267913,1.2837655211908119,1.341864722046148,1.2574522119853346,1.6050038172097325,0.08388118479330509
4,1.2680770356092812,1.3115244975557292,1.3317435465962038,1.2473657213837301,1.5636720618179247,0.0578065539452014
