fold,cat_mae,hgb_mae,lgb_mae,stack_mae,stack_rmse,stack_r2
1,1.3399846153500052,1.441265894718603,1.476911684282064,1.3122457579861821,1.6339107449451906,0.027550387362368367
2,1.353532575131685,1.443012048436008,1.455270639706742,1.3499441932496674,1.6802719869430458,0.06584798812573245
3,1.2937506659289137,1.2845745581299537,1.3425192154137846,1.254469471886082,1.5867486400165185,0.10521562218895053
4,1.2692976666583178,1.3202560525548077,1.3410721359499393,1.2565604221944158,1.5733874003051385,0.061079924441571065
