fold,cat_mae,hgb_mae,lgb_mae,stack_mae,stack_rmse,stack_r2
1,1.3120080280442774,1.4329415177245566,1.4669875891277941,1.2998218870226879,1.6181712001706972,0.042287164967801494
2,1.3537730647131039,1.4334063107497252,1.4545486324930474,1.3455786416422373,1.682304269581083,0.07053664506112822
3,1.3030006436453103,1.2780389415632352,1.3002258927531702,1.2512807617495665,1.589563962544921,0.09742424416191442
4,1.2738443525815748,1.315694459632393,1.3349563806655549,1.2570004457208777,1.5782359902975869,0.04834323494306092
