{
  "catboost": {
    "mae": 1.3168491633540613,
    "rmse": 1.666617844594361,
    "r2": 0.18000854823996204
  },
  "hist_gbr": {
    "mae": 1.3499964994078986,
    "rmse": 1.7127011624713966,
    "r2": 0.13403476958671312
  },
  "lightgbm": {
    "mae": 1.3188766405025223,
    "rmse": 1.702879055468548,
    "r2": 0.14393867355328183
  },
  "stacking": {
    "mae": 1.458516154585381,
    "rmse": 1.7855225169138664,
    "r2": 0.058830309543448034
  },
  "backtest": {
    "folds": [
      {
        "fold": 1,
        "cat_mae": 1.315236490222909,
        "hgb_mae": 1.4677212800110122,
        "lgb_mae": 1.4487789063258358,
        "stack_mae": 1.3012299726973284,
        "stack_rmse": 1.6281510920624789,
        "stack_r2": 0.033008334240040016
      },
      {
        "fold": 2,
        "cat_mae": 1.382323249903261,
        "hgb_mae": 1.4502457794729469,
        "lgb_mae": 1.4743906646654994,
        "stack_mae": 1.362324985802408,
        "stack_rmse": 1.686350233227389,
        "stack_r2": 0.06702612353332982
      },
      {
        "fold": 3,
        "cat_mae": 1.2966251913188853,
        "hgb_mae": 1.2852271882692283,
        "lgb_mae": 1.311244215850604,
        "stack_mae": 1.2618850192232456,
        "stack_rmse": 1.601758172194059,
        "stack_r2": 0.08697775019143139
      },
      {
        "fold": 4,
        "cat_mae": 1.2946092421667186,
        "hgb_mae": 1.3189123151680915,
        "lgb_mae": 1.3664542344273778,
        "stack_mae": 1.2544683098955869,
        "stack_rmse": 1.566560091655899,
        "stack_r2": 0.04903308027108255
      }
    ],
    "summary": {
      "stack_mae_mean": 1.2949770719046423,
      "stack_mae_std": 0.04936558863850629,
      "stack_rmse_mean": 1.6207048972849565,
      "stack_r2_mean": 0.059011322058970944
    }
  },
  "conformal": {
    "coverage": 0.7415254237288136,
    "width": 4.134206483549871
  },
  "score_heuristique": {
    "mae": 1.3169022158590469,
    "rmse": 1.662203669254754,
    "r2": 0.184346426500561
  },
  "over25_classifier": {
    "accuracy": 0.6334745762711864,
    "brier": 0.23108335060501609
  }
}