{
  "catboost": {
    "mae": 1.3438409689436073,
    "rmse": 1.693172350946157,
    "r2": 0.1755183947840676
  },
  "hist_gbr": {
    "mae": 1.3976956230100441,
    "rmse": 1.7757750524534819,
    "r2": 0.09311016200560096
  },
  "lightgbm": {
    "mae": 1.354383289698449,
    "rmse": 1.7564551584172365,
    "r2": 0.11273618826448284
  },
  "stacking": {
    "mae": 1.4839505563747886,
    "rmse": 1.804476934474062,
    "r2": 0.06355709189219372
  },
  "backtest": {
    "folds": [
      {
        "fold": 1,
        "cat_mae": 1.3112295942865133,
        "hgb_mae": 1.4311522065898956,
        "lgb_mae": 1.4639519061694253,
        "stack_mae": 1.2998961000209288,
        "stack_rmse": 1.6185516406093305,
        "stack_r2": 0.042866804109024326
      },
      {
        "fold": 2,
        "cat_mae": 1.3558376994272585,
        "hgb_mae": 1.4505306976589345,
        "lgb_mae": 1.4549533193426027,
        "stack_mae": 1.3512857873082877,
        "stack_rmse": 1.6851695281035595,
        "stack_r2": 0.06998805352544235
      },
      {
        "fold": 3,
        "cat_mae": 1.2895892126128297,
        "hgb_mae": 1.2885720291316716,
        "lgb_mae": 1.3205335700207848,
        "stack_mae": 1.2629387262967546,
        "stack_rmse": 1.6013897361965863,
        "stack_r2": 0.0846551303121249
      },
      {
        "fold": 4,
        "cat_mae": 1.2622276298147939,
        "hgb_mae": 1.3029005623140544,
        "lgb_mae": 1.3325583429182373,
        "stack_mae": 1.2406691428412049,
        "stack_rmse": 1.5592211555738102,
        "stack_r2": 0.05575540679601243
      }
    ],
    "summary": {
      "stack_mae_mean": 1.288697439116794,
      "stack_mae_std": 0.04834921531478556,
      "stack_rmse_mean": 1.6160830151208216,
      "stack_r2_mean": 0.063316348685651
    }
  },
  "conformal": {
    "coverage": 0.7521008403361344,
    "width": 4.244577254631759
  },
  "score_heuristique": {
    "mae": 1.3336120351108627,
    "rmse": 1.6895809593429023,
    "r2": 0.17901230487778397
  },
  "over25_classifier": {
    "accuracy": 0.6176470588235294,
    "brier": 0.23185144035994446
  }
}