{
  "catboost": {
    "mae": 1.3625659976509858,
    "rmse": 1.702648253247107,
    "r2": 0.15848288552601908
  },
  "hist_gbr": {
    "mae": 1.3752659752586136,
    "rmse": 1.7408919370426699,
    "r2": 0.12025520451754701
  },
  "lightgbm": {
    "mae": 1.3547001259781282,
    "rmse": 1.7531291712659989,
    "r2": 0.10784377299469461
  },
  "stacking": {
    "mae": 1.4594214842823552,
    "rmse": 1.7919252584594947,
    "r2": 0.06792070458925126
  },
  "backtest": {
    "folds": [
      {
        "fold": 1,
        "cat_mae": 1.3393561997682981,
        "hgb_mae": 1.4394506410404937,
        "lgb_mae": 1.44702217461192,
        "stack_mae": 1.306573389606326,
        "stack_rmse": 1.62544292111326,
        "stack_r2": 0.033760202489212854
      },
      {
        "fold": 2,
        "cat_mae": 1.3531043182526075,
        "hgb_mae": 1.4420955400940279,
        "lgb_mae": 1.4737693319451002,
        "stack_mae": 1.3411824893044155,
        "stack_rmse": 1.6828604117741293,
        "stack_r2": 0.0686401538340613
      },
      {
        "fold": 3,
        "cat_mae": 1.3034468118076787,
        "hgb_mae": 1.2990371768310445,
        "lgb_mae": 1.317917826314909,
        "stack_mae": 1.268399575356668,
        "stack_rmse": 1.5943659917350026,
        "stack_r2": 0.10257706536653832
      },
      {
        "fold": 4,
        "cat_mae": 1.2614459185365694,
        "hgb_mae": 1.2819150667087538,
        "lgb_mae": 1.3215561579873907,
        "stack_mae": 1.2341142300559875,
        "stack_rmse": 1.539195076659299,
        "stack_r2": 0.06839422556841301
      }
    ],
    "summary": {
      "stack_mae_mean": 1.2875674210808492,
      "stack_mae_std": 0.04640564735983275,
      "stack_rmse_mean": 1.6104661003204226,
      "stack_r2_mean": 0.06834291181455637
    }
  },
  "conformal": {
    "coverage": 0.7578947368421053,
    "width": 4.2466992538927775
  },
  "score_heuristique": {
    "mae": 1.3249750671605964,
    "rmse": 1.6736084727014706,
    "r2": 0.18694334262818524
  },
  "over25_classifier": {
    "accuracy": 0.6273684210526316,
    "brier": 0.22955501342619897
  }
}