{
  "catboost": {
    "mae": 1.3593606383326988,
    "rmse": 1.6971948320626888,
    "r2": 0.16414717748398888
  },
  "hist_gbr": {
    "mae": 1.3550667383676358,
    "rmse": 1.7380446704162233,
    "r2": 0.12342661433720836
  },
  "lightgbm": {
    "mae": 1.336433556619811,
    "rmse": 1.7286058994357179,
    "r2": 0.13292154786376975
  },
  "stacking": {
    "mae": 1.4563960811554317,
    "rmse": 1.7875388335300475,
    "r2": 0.07279154573682556
  },
  "backtest": {
    "folds": [
      {
        "fold": 1,
        "cat_mae": 1.3132623487194877,
        "hgb_mae": 1.4204245855427715,
        "lgb_mae": 1.458917882028109,
        "stack_mae": 1.2970330917088975,
        "stack_rmse": 1.6194915315449685,
        "stack_r2": 0.04038129470191776
      },
      {
        "fold": 2,
        "cat_mae": 1.358671870962058,
        "hgb_mae": 1.4485105551310389,
        "lgb_mae": 1.4755136355589313,
        "stack_mae": 1.3448284907594135,
        "stack_rmse": 1.6757339438159593,
        "stack_r2": 0.07956141712973563
      },
      {
        "fold": 3,
        "cat_mae": 1.3044983448742062,
        "hgb_mae": 1.2945831336100828,
        "lgb_mae": 1.3089744099439296,
        "stack_mae": 1.2679897578135946,
        "stack_rmse": 1.601257053790272,
        "stack_r2": 0.08288763157718437
      },
      {
        "fold": 4,
        "cat_mae": 1.270885689740227,
        "hgb_mae": 1.312254339950462,
        "lgb_mae": 1.34361321321146,
        "stack_mae": 1.253421596233813,
        "stack_rmse": 1.5706977788897425,
        "stack_r2": 0.055134971515339526
      }
    ],
    "summary": {
      "stack_mae_mean": 1.2908182341289296,
      "stack_mae_std": 0.040312860366423536,
      "stack_rmse_mean": 1.6167950770102357,
      "stack_r2_mean": 0.06449132873104432
    }
  },
  "conformal": {
    "coverage": 0.750524109014675,
    "width": 4.237068731795383
  },
  "score_heuristique": {
    "mae": 1.3364624259192885,
    "rmse": 1.6765489869989085,
    "r2": 0.18435926535997293
  },
  "over25_classifier": {
    "accuracy": 0.6205450733752621,
    "brier": 0.23104311497614574
  }
}