{
  "catboost": {
    "mae": 1.3580935908891905,
    "rmse": 1.702124507655128,
    "r2": 0.1597269845197834
  },
  "hist_gbr": {
    "mae": 1.3710449009391994,
    "rmse": 1.7489585607746692,
    "r2": 0.11285051189460171
  },
  "lightgbm": {
    "mae": 1.354479568112554,
    "rmse": 1.7401286776574594,
    "r2": 0.12178571749764033
  },
  "stacking": {
    "mae": 1.4639081097534663,
    "rmse": 1.7927305101325053,
    "r2": 0.06788867078535765
  },
  "backtest": {
    "folds": [
      {
        "fold": 1,
        "cat_mae": 1.3150204840342727,
        "hgb_mae": 1.466046095679609,
        "lgb_mae": 1.4469595573181337,
        "stack_mae": 1.3013665922168078,
        "stack_rmse": 1.6270422892207501,
        "stack_r2": 0.032704444022553236
      },
      {
        "fold": 2,
        "cat_mae": 1.3742186770384026,
        "hgb_mae": 1.4598956060269948,
        "lgb_mae": 1.4582645059486927,
        "stack_mae": 1.3571745880989132,
        "stack_rmse": 1.693815932197815,
        "stack_r2": 0.059227749493202975
      },
      {
        "fold": 3,
        "cat_mae": 1.2892010193932664,
        "hgb_mae": 1.2965573333494487,
        "lgb_mae": 1.325753220434539,
        "stack_mae": 1.2643896813171245,
        "stack_rmse": 1.6038917149616747,
        "stack_r2": 0.08545933129530525
      },
      {
        "fold": 4,
        "cat_mae": 1.2497569366617303,
        "hgb_mae": 1.2975322481880238,
        "lgb_mae": 1.334779986886747,
        "stack_mae": 1.2321948205966395,
        "stack_rmse": 1.5497460032139538,
        "stack_r2": 0.05710672556226304
      }
    ],
    "summary": {
      "stack_mae_mean": 1.2887814205573713,
      "stack_mae_std": 0.05364392525515818,
      "stack_rmse_mean": 1.6186239848985484,
      "stack_r2_mean": 0.058624562593331125
    }
  },
  "conformal": {
    "coverage": 0.7431578947368421,
    "width": 3.993300680629558
  },
  "score_heuristique": {
    "mae": 1.3402869864989955,
    "rmse": 1.6714243319274955,
    "r2": 0.1897646122395562
  },
  "over25_classifier": {
    "accuracy": 0.6252631578947369,
    "brier": 0.22795850505243662
  }
}