{
  "catboost": {
    "mae": 1.3290612418804613,
    "rmse": 1.6762892087073966,
    "r2": 0.17701621952125135
  },
  "hist_gbr": {
    "mae": 1.3340430103776941,
    "rmse": 1.7148842217613138,
    "r2": 0.13868306402823782
  },
  "lightgbm": {
    "mae": 1.3392883909916506,
    "rmse": 1.732937295945499,
    "r2": 0.12045295272430911
  },
  "stacking": {
    "mae": 1.4624150147419723,
    "rmse": 1.791747950880525,
    "r2": 0.05974162450345055
  },
  "backtest": {
    "folds": [
      {
        "fold": 1,
        "cat_mae": 1.3251229879561053,
        "hgb_mae": 1.4496605673982936,
        "lgb_mae": 1.4591485322253754,
        "stack_mae": 1.3089521659866383,
        "stack_rmse": 1.6305466302779974,
        "stack_r2": 0.033420754389377416
      },
      {
        "fold": 2,
        "cat_mae": 1.3685761434496884,
        "hgb_mae": 1.4350827830481665,
        "lgb_mae": 1.4746533385269744,
        "stack_mae": 1.3501599988347859,
        "stack_rmse": 1.68012632699416,
        "stack_r2": 0.07200582988730397
      },
      {
        "fold": 3,
        "cat_mae": 1.3023113338538272,
        "hgb_mae": 1.280662493175276,
        "lgb_mae": 1.333358080432894,
        "stack_mae": 1.259684372915126,
        "stack_rmse": 1.6100314913098188,
        "stack_r2": 0.0788222155787014
      },
      {
        "fold": 4,
        "cat_mae": 1.269024758670396,
        "hgb_mae": 1.3050782823129259,
        "lgb_mae": 1.3444409679961185,
        "stack_mae": 1.237198676586347,
        "stack_rmse": 1.5505874142035956,
        "stack_r2": 0.06451125400019142
      }
    ],
    "summary": {
      "stack_mae_mean": 1.2889988035807243,
      "stack_mae_std": 0.05060111157569888,
      "stack_rmse_mean": 1.617822965696393,
      "stack_r2_mean": 0.06219001346389355
    }
  },
  "conformal": {
    "coverage": 0.7658227848101266,
    "width": 4.223947483897249
  },
  "score_heuristique": {
    "mae": 1.312821236376166,
    "rmse": 1.6576642787290223,
    "r2": 0.1952026540303452
  },
  "over25_classifier": {
    "accuracy": 0.6139240506329114,
    "brier": 0.2335395663336812
  }
}