{
  "catboost": {
    "mae": 1.3491382557938427,
    "rmse": 1.6883440971727743,
    "r2": 0.1650949140633069
  },
  "hist_gbr": {
    "mae": 1.3383558290387487,
    "rmse": 1.7238434174494095,
    "r2": 0.12961618073944636
  },
  "lightgbm": {
    "mae": 1.3403205602167472,
    "rmse": 1.7317973278407135,
    "r2": 0.12156565099217742
  },
  "stacking": {
    "mae": 1.4649603352924847,
    "rmse": 1.7866976465039164,
    "r2": 0.06498773071440211
  },
  "backtest": {
    "folds": [
      {
        "fold": 1,
        "cat_mae": 1.3399846153500052,
        "hgb_mae": 1.441265894718603,
        "lgb_mae": 1.476911684282064,
        "stack_mae": 1.3122457579861821,
        "stack_rmse": 1.6339107449451906,
        "stack_r2": 0.027550387362368367
      },
      {
        "fold": 2,
        "cat_mae": 1.353532575131685,
        "hgb_mae": 1.443012048436008,
        "lgb_mae": 1.455270639706742,
        "stack_mae": 1.3499441932496674,
        "stack_rmse": 1.6802719869430458,
        "stack_r2": 0.06584798812573245
      },
      {
        "fold": 3,
        "cat_mae": 1.2937506659289137,
        "hgb_mae": 1.2845745581299537,
        "lgb_mae": 1.3425192154137846,
        "stack_mae": 1.254469471886082,
        "stack_rmse": 1.5867486400165185,
        "stack_r2": 0.10521562218895053
      },
      {
        "fold": 4,
        "cat_mae": 1.2692976666583178,
        "hgb_mae": 1.3202560525548077,
        "lgb_mae": 1.3410721359499393,
        "stack_mae": 1.2565604221944158,
        "stack_rmse": 1.5733874003051385,
        "stack_r2": 0.061079924441571065
      }
    ],
    "summary": {
      "stack_mae_mean": 1.293304961329087,
      "stack_mae_std": 0.04627855070856569,
      "stack_rmse_mean": 1.6185796930524734,
      "stack_r2_mean": 0.0649234805296556
    }
  },
  "conformal": {
    "coverage": 0.7620041753653445,
    "width": 4.291842703224428
  },
  "score_heuristique": {
    "mae": 1.3260336787383193,
    "rmse": 1.6697481234280458,
    "r2": 0.18338546225537888
  },
  "over25_classifier": {
    "accuracy": 0.6116910229645094,
    "brier": 0.22614119186931964
  }
}