{
  "catboost": {
    "mae": 1.3068283133433,
    "rmse": 1.6443360651878431,
    "r2": 0.18336412231140153
  },
  "hist_gbr": {
    "mae": 1.3317400342919816,
    "rmse": 1.7025460208328393,
    "r2": 0.12452245476816004
  },
  "lightgbm": {
    "mae": 1.3102047535872945,
    "rmse": 1.6898422655163596,
    "r2": 0.13753867735815717
  },
  "stacking": {
    "mae": 1.4437642522341039,
    "rmse": 1.7687289699607711,
    "r2": 0.05513476525962435
  },
  "backtest": {
    "folds": [
      {
        "fold": 1,
        "cat_mae": 1.3162751833004436,
        "hgb_mae": 1.4682088523485912,
        "lgb_mae": 1.450152932720181,
        "stack_mae": 1.3019188237098274,
        "stack_rmse": 1.6289778947293032,
        "stack_r2": 0.03243138151856417
      },
      {
        "fold": 2,
        "cat_mae": 1.3533398519771291,
        "hgb_mae": 1.4450762221020423,
        "lgb_mae": 1.4517837971055338,
        "stack_mae": 1.3433335049325614,
        "stack_rmse": 1.6786348362174408,
        "stack_r2": 0.07318794959294417
      },
      {
        "fold": 3,
        "cat_mae": 1.297122175740275,
        "hgb_mae": 1.2671545598111527,
        "lgb_mae": 1.3141653000658575,
        "stack_mae": 1.2527890959080346,
        "stack_rmse": 1.593842694939748,
        "stack_r2": 0.09904342938752841
      },
      {
        "fold": 4,
        "cat_mae": 1.2998021104046733,
        "hgb_mae": 1.3126502536509217,
        "lgb_mae": 1.3453301933620347,
        "stack_mae": 1.260234453175029,
        "stack_rmse": 1.5787518767864406,
        "stack_r2": 0.04627774259468742
      }
    ],
    "summary": {
      "stack_mae_mean": 1.289568969431363,
      "stack_mae_std": 0.04185855993200632,
      "stack_rmse_mean": 1.620051825668233,
      "stack_r2_mean": 0.06273512577343104
    }
  },
  "conformal": {
    "coverage": 0.7936170212765957,
    "width": 4.416170059571857
  },
  "score_heuristique": {
    "mae": 1.3048224615124537,
    "rmse": 1.6510911489692883,
    "r2": 0.1766407098424727
  },
  "over25_classifier": {
    "accuracy": 0.5957446808510638,
    "brier": 0.23104966240886965
  }
}