{
  "catboost": {
    "mae": 1.310103195884753,
    "rmse": 1.6554916127804225,
    "r2": 0.16472515298190338
  },
  "hist_gbr": {
    "mae": 1.2985564772001343,
    "rmse": 1.6618549777348506,
    "r2": 0.1582915669350775
  },
  "lightgbm": {
    "mae": 1.3126882970268265,
    "rmse": 1.685118367815414,
    "r2": 0.13456140561450936
  },
  "stacking": {
    "mae": 1.4294422496492802,
    "rmse": 1.7495916943556515,
    "r2": 0.06707044731329725
  },
  "backtest": {
    "folds": [
      {
        "fold": 1,
        "cat_mae": 1.3143339157212637,
        "hgb_mae": 1.4747533018819663,
        "lgb_mae": 1.4744189892377766,
        "stack_mae": 1.3045546629109193,
        "stack_rmse": 1.630770472636251,
        "stack_r2": 0.03288216443854797
      },
      {
        "fold": 2,
        "cat_mae": 1.3660656999341356,
        "hgb_mae": 1.4368619714843691,
        "lgb_mae": 1.4319489522309035,
        "stack_mae": 1.3514166832220103,
        "stack_rmse": 1.6827657572940558,
        "stack_r2": 0.07675212154280586
      },
      {
        "fold": 3,
        "cat_mae": 1.2719014797499466,
        "hgb_mae": 1.256513758126632,
        "lgb_mae": 1.296885049835554,
        "stack_mae": 1.2351252258775463,
        "stack_rmse": 1.5816034571990805,
        "stack_r2": 0.08373874303656137
      },
      {
        "fold": 4,
        "cat_mae": 1.3034149473909284,
        "hgb_mae": 1.3462707409623889,
        "lgb_mae": 1.3880934763270134,
        "stack_mae": 1.26389610134667,
        "stack_rmse": 1.5894520288266698,
        "stack_r2": 0.0496700080861715
      }
    ],
    "summary": {
      "stack_mae_mean": 1.2887481683392865,
      "stack_mae_std": 0.05056426017227921,
      "stack_rmse_mean": 1.6211479289890143,
      "stack_r2_mean": 0.060760759276021675
    }
  },
  "conformal": {
    "coverage": 0.7823275862068966,
    "width": 4.361714109553552
  },
  "score_heuristique": {
    "mae": 1.2737092939602133,
    "rmse": 1.6131222901800835,
    "r2": 0.20693274520376725
  },
  "over25_classifier": {
    "accuracy": 0.6228448275862069,
    "brier": 0.22795563439097674
  }
}