{
  "catboost": {
    "mae": 1.3245099690744864,
    "rmse": 1.6630963675700545,
    "r2": 0.16834370384233788
  },
  "hist_gbr": {
    "mae": 1.3580910703742086,
    "rmse": 1.7355636113648394,
    "r2": 0.09428800049877406
  },
  "lightgbm": {
    "mae": 1.3198896738019656,
    "rmse": 1.7032639764406068,
    "r2": 0.12768573943240968
  },
  "stacking": {
    "mae": 1.4471364785270626,
    "rmse": 1.7674209052625864,
    "r2": 0.060733084992496744
  },
  "backtest": {
    "folds": [
      {
        "fold": 1,
        "cat_mae": 1.3304977679544623,
        "hgb_mae": 1.4599635445349104,
        "lgb_mae": 1.4672328758216848,
        "stack_mae": 1.3123688850487332,
        "stack_rmse": 1.6314570797864518,
        "stack_r2": 0.04006830256890914
      },
      {
        "fold": 2,
        "cat_mae": 1.3598493046314575,
        "hgb_mae": 1.4276623000543462,
        "lgb_mae": 1.4392031115679662,
        "stack_mae": 1.3475160824741255,
        "stack_rmse": 1.675108039798562,
        "stack_r2": 0.07511745235758238
      },
      {
        "fold": 3,
        "cat_mae": 1.2858923061845704,
        "hgb_mae": 1.3093956371143425,
        "lgb_mae": 1.3124732321978203,
        "stack_mae": 1.271242659545007,
        "stack_rmse": 1.6070229763903918,
        "stack_r2": 0.0789029804160607
      },
      {
        "fold": 4,
        "cat_mae": 1.2902603806270925,
        "hgb_mae": 1.3051689240499085,
        "lgb_mae": 1.3580151721028988,
        "stack_mae": 1.26088687588954,
        "stack_rmse": 1.5686295691395484,
        "stack_r2": 0.06142568460654463
      }
    ],
    "summary": {
      "stack_mae_mean": 1.2980036257393515,
      "stack_mae_std": 0.03979801702768189,
      "stack_rmse_mean": 1.6205544162787386,
      "stack_r2_mean": 0.06387860498727421
    }
  },
  "conformal": {
    "coverage": 0.802547770700637,
    "width": 4.464166350352242
  },
  "score_heuristique": {
    "mae": 1.3027032035058934,
    "rmse": 1.6443698193787346,
    "r2": 0.186967242093533
  },
  "over25_classifier": {
    "accuracy": 0.5732484076433121,
    "brier": 0.23650587842901732
  }
}