{
  "catboost": {
    "mae": 1.3741701981856076,
    "rmse": 1.718718678683657,
    "r2": 0.1521158884439202
  },
  "hist_gbr": {
    "mae": 1.3913616656705055,
    "rmse": 1.7771789974342769,
    "r2": 0.09345524870885302
  },
  "lightgbm": {
    "mae": 1.3735466031658563,
    "rmse": 1.770418223774017,
    "r2": 0.1003395141323199
  },
  "stacking": {
    "mae": 1.4911690818703127,
    "rmse": 1.8138409455701001,
    "r2": 0.05566669597116081
  },
  "backtest": {
    "folds": [
      {
        "fold": 1,
        "cat_mae": 1.3136533937713233,
        "hgb_mae": 1.4214802029239313,
        "lgb_mae": 1.4588060842360462,
        "stack_mae": 1.296723407076806,
        "stack_rmse": 1.6186638433440756,
        "stack_r2": 0.04012436634891725
      },
      {
        "fold": 2,
        "cat_mae": 1.3689366839034944,
        "hgb_mae": 1.449889556588584,
        "lgb_mae": 1.4519484732310008,
        "stack_mae": 1.3541692830705976,
        "stack_rmse": 1.6895373253164017,
        "stack_r2": 0.06422581882673117
      },
      {
        "fold": 3,
        "cat_mae": 1.290835852873358,
        "hgb_mae": 1.3161260642246961,
        "lgb_mae": 1.3182197004020348,
        "stack_mae": 1.2681724154682164,
        "stack_rmse": 1.6034229644132798,
        "stack_r2": 0.07986050707642556
      },
      {
        "fold": 4,
        "cat_mae": 1.2590669875048865,
        "hgb_mae": 1.3021401557297643,
        "lgb_mae": 1.340245951739432,
        "stack_mae": 1.2349638204727948,
        "stack_rmse": 1.545844896415334,
        "stack_r2": 0.06755092115572647
      }
    ],
    "summary": {
      "stack_mae_mean": 1.2885072315221038,
      "stack_mae_std": 0.05052857991620002,
      "stack_rmse_mean": 1.6143672573722727,
      "stack_r2_mean": 0.06294040335195011
    }
  },
  "conformal": {
    "coverage": 0.7677824267782427,
    "width": 4.191202400471794
  },
  "score_heuristique": {
    "mae": 1.3510188274469912,
    "rmse": 1.7041481755661994,
    "r2": 0.16643089191073135
  },
  "over25_classifier": {
    "accuracy": 0.604602510460251,
    "brier": 0.23605518336524978
  }
}