{
  "catboost": {
    "mae": 1.3559147154911892,
    "rmse": 1.7104825871405662,
    "r2": 0.14837252063154016
  },
  "hist_gbr": {
    "mae": 1.332192976117715,
    "rmse": 1.710585873723024,
    "r2": 0.14826966738030856
  },
  "lightgbm": {
    "mae": 1.3571652559860297,
    "rmse": 1.7474402870248085,
    "r2": 0.11117340728119884
  },
  "stacking": {
    "mae": 1.4796446136981456,
    "rmse": 1.7959807729765414,
    "r2": 0.061107829392148094
  },
  "backtest": {
    "folds": [
      {
        "fold": 1,
        "cat_mae": 1.3153164545539744,
        "hgb_mae": 1.4377814816610353,
        "lgb_mae": 1.4718875059104934,
        "stack_mae": 1.302654991740462,
        "stack_rmse": 1.6241487430823118,
        "stack_r2": 0.04365236760632729
      },
      {
        "fold": 2,
        "cat_mae": 1.3519068795796823,
        "hgb_mae": 1.4227628171781115,
        "lgb_mae": 1.4179287964921978,
        "stack_mae": 1.340691005333512,
        "stack_rmse": 1.6776462417094924,
        "stack_r2": 0.06566120447215595
      },
      {
        "fold": 3,
        "cat_mae": 1.2992337535973342,
        "hgb_mae": 1.2967603667703536,
        "lgb_mae": 1.3298940956563614,
        "stack_mae": 1.266973001116414,
        "stack_rmse": 1.604336805602408,
        "stack_r2": 0.08629052638356538
      },
      {
        "fold": 4,
        "cat_mae": 1.2656972482486784,
        "hgb_mae": 1.3184815253873219,
        "lgb_mae": 1.3400990577726424,
        "stack_mae": 1.2521859380169909,
        "stack_rmse": 1.5726315041426582,
        "stack_r2": 0.06007176588294205
      }
    ],
    "summary": {
      "stack_mae_mean": 1.2906262340518446,
      "stack_mae_std": 0.03953186108513008,
      "stack_rmse_mean": 1.6196908236342176,
      "stack_r2_mean": 0.06391896608624767
    }
  },
  "conformal": {
    "coverage": 0.75625,
    "width": 4.232464594324004
  },
  "score_heuristique": {
    "mae": 1.317553306738632,
    "rmse": 1.6722231185359753,
    "r2": 0.18604424511678141
  },
  "over25_classifier": {
    "accuracy": 0.6125,
    "brier": 0.2271631380409276
  }
}