{
  "catboost": {
    "mae": 1.3252629400835576,
    "rmse": 1.6734672110612514,
    "r2": 0.16796089129331349
  },
  "hist_gbr": {
    "mae": 1.3357452575173272,
    "rmse": 1.6998397507688996,
    "r2": 0.14152967536312466
  },
  "lightgbm": {
    "mae": 1.3114015447581706,
    "rmse": 1.6693729641727735,
    "r2": 0.17202718707377107
  },
  "stacking": {
    "mae": 1.4546322190049574,
    "rmse": 1.768651853530871,
    "r2": 0.07061848071989296
  },
  "backtest": {
    "folds": [
      {
        "fold": 1,
        "cat_mae": 1.330105547378085,
        "hgb_mae": 1.4812776672288042,
        "lgb_mae": 1.4693012645460954,
        "stack_mae": 1.304953506029529,
        "stack_rmse": 1.629097780080152,
        "stack_r2": 0.03791236420769595
      },
      {
        "fold": 2,
        "cat_mae": 1.3640176308426126,
        "hgb_mae": 1.428704352579371,
        "lgb_mae": 1.4436751620766153,
        "stack_mae": 1.3516883175925065,
        "stack_rmse": 1.6815826469718615,
        "stack_r2": 0.0715176378507476
      },
      {
        "fold": 3,
        "cat_mae": 1.2717949582784362,
        "hgb_mae": 1.2760652243389354,
        "lgb_mae": 1.321112094074398,
        "stack_mae": 1.2452120821814043,
        "stack_rmse": 1.5810875636056918,
        "stack_r2": 0.08622863346154419
      },
      {
        "fold": 4,
        "cat_mae": 1.2872208513868282,
        "hgb_mae": 1.3392940677313334,
        "lgb_mae": 1.3587186666466622,
        "stack_mae": 1.2622333543132689,
        "stack_rmse": 1.583373562475372,
        "stack_r2": 0.0562414883989133
      }
    ],
    "summary": {
      "stack_mae_mean": 1.2910218150291772,
      "stack_mae_std": 0.04761590645072101,
      "stack_rmse_mean": 1.6187853882832695,
      "stack_r2_mean": 0.06297503097972526
    }
  },
  "conformal": {
    "coverage": 0.7905982905982906,
    "width": 4.592796905584135
  },
  "score_heuristique": {
    "mae": 1.2886477895843989,
    "rmse": 1.6286079262873552,
    "r2": 0.21197061290755448
  },
  "over25_classifier": {
    "accuracy": 0.6217948717948718,
    "brier": 0.23731738107305692
  }
}