{
  "catboost": {
    "mae": 1.3023872299320012,
    "rmse": 1.6401220585770997,
    "r2": 0.18661696313866782
  },
  "hist_gbr": {
    "mae": 1.3048814674928793,
    "rmse": 1.6757203041529605,
    "r2": 0.1509254268318574
  },
  "lightgbm": {
    "mae": 1.3146850777351946,
    "rmse": 1.685348241412612,
    "r2": 0.14114059439713467
  },
  "stacking": {
    "mae": 1.4558576337656404,
    "rmse": 1.7759402898985643,
    "r2": 0.046326990367632326
  },
  "backtest": {
    "folds": [
      {
        "fold": 1,
        "cat_mae": 1.3220537414002123,
        "hgb_mae": 1.4787959967058475,
        "lgb_mae": 1.4688479392243345,
        "stack_mae": 1.306011211309706,
        "stack_rmse": 1.6264637633319652,
        "stack_r2": 0.03897499958781703
      },
      {
        "fold": 2,
        "cat_mae": 1.3601655731320637,
        "hgb_mae": 1.4465722186756889,
        "lgb_mae": 1.4357473546400503,
        "stack_mae": 1.351410176174115,
        "stack_rmse": 1.6759768538730027,
        "stack_r2": 0.0828016688376495
      },
      {
        "fold": 3,
        "cat_mae": 1.2629519773737092,
        "hgb_mae": 1.2708805461624562,
        "lgb_mae": 1.2978303930940556,
        "stack_mae": 1.2436364932521005,
        "stack_rmse": 1.5849186315901076,
        "stack_r2": 0.07593592298710661
      },
      {
        "fold": 4,
        "cat_mae": 1.3089440319480647,
        "hgb_mae": 1.3526816489856932,
        "lgb_mae": 1.3713213128521973,
        "stack_mae": 1.278131883214626,
        "stack_rmse": 1.6012903562128808,
        "stack_r2": 0.03263602702058577
      }
    ],
    "summary": {
      "stack_mae_mean": 1.294797440987637,
      "stack_mae_std": 0.04555558443343061,
      "stack_rmse_mean": 1.622162401251989,
      "stack_r2_mean": 0.057587154608289726
    }
  },
  "conformal": {
    "coverage": 0.8043010752688172,
    "width": 4.553070135084651
  },
  "score_heuristique": {
    "mae": 1.2814020826147983,
    "rmse": 1.6248341895152714,
    "r2": 0.20170966843449578
  },
  "over25_classifier": {
    "accuracy": 0.6086021505376344,
    "brier": 0.23557048488581922
  }
}