{
  "catboost": {
    "mae": 1.3289187343931341,
    "rmse": 1.674585210307062,
    "r2": 0.1689026698416014
  },
  "hist_gbr": {
    "mae": 1.3376696783755548,
    "rmse": 1.6952091042575264,
    "r2": 0.14830531529268431
  },
  "lightgbm": {
    "mae": 1.3094215513664795,
    "rmse": 1.6787572741992736,
    "r2": 0.1647563170943659
  },
  "stacking": {
    "mae": 1.4634833083766936,
    "rmse": 1.7827723236329842,
    "r2": 0.058047178558186974
  },
  "backtest": {
    "folds": [
      {
        "fold": 1,
        "cat_mae": 1.3168773511789167,
        "hgb_mae": 1.4734028271933581,
        "lgb_mae": 1.4730197274191288,
        "stack_mae": 1.3080718992975477,
        "stack_rmse": 1.635246626599156,
        "stack_r2": 0.032707361960591874
      },
      {
        "fold": 2,
        "cat_mae": 1.3720096945006668,
        "hgb_mae": 1.436677505409626,
        "lgb_mae": 1.4509972661978245,
        "stack_mae": 1.3581728410618907,
        "stack_rmse": 1.686967167517441,
        "stack_r2": 0.06875810340447785
      },
      {
        "fold": 3,
        "cat_mae": 1.2646785469365467,
        "hgb_mae": 1.2692433449459235,
        "lgb_mae": 1.30430271793477,
        "stack_mae": 1.2399498460316096,
        "stack_rmse": 1.5781889359796308,
        "stack_r2": 0.08292338791832621
      },
      {
        "fold": 4,
        "cat_mae": 1.2913278104462937,
        "hgb_mae": 1.3502803804147496,
        "lgb_mae": 1.3576727106068296,
        "stack_mae": 1.268890821191529,
        "stack_rmse": 1.5882017911588886,
        "stack_r2": 0.0509288661671945
      }
    ],
    "summary": {
      "stack_mae_mean": 1.2937713518956442,
      "stack_mae_std": 0.05121149859297547,
      "stack_rmse_mean": 1.622151130313779,
      "stack_r2_mean": 0.05882942986264761
    }
  },
  "conformal": {
    "coverage": 0.8222698072805139,
    "width": 4.76065288491146
  },
  "score_heuristique": {
    "mae": 1.3020591610030987,
    "rmse": 1.630770733696511,
    "r2": 0.2118240073606007
  },
  "over25_classifier": {
    "accuracy": 0.6316916488222698,
    "brier": 0.2276230914675491
  }
}