{
  "catboost": {
    "mae": 1.3246345662956724,
    "rmse": 1.6743143593297798,
    "r2": 0.1724175474280112
  },
  "hist_gbr": {
    "mae": 1.3436521379897646,
    "rmse": 1.7112128430107876,
    "r2": 0.13553914517970322
  },
  "lightgbm": {
    "mae": 1.3120394001015787,
    "rmse": 1.6993098767374237,
    "r2": 0.14752346581709097
  },
  "stacking": {
    "mae": 1.4419572633186806,
    "rmse": 1.7725492605890498,
    "r2": 0.07245733206755522
  },
  "backtest": {
    "folds": [
      {
        "fold": 1,
        "cat_mae": 1.331990550585949,
        "hgb_mae": 1.471965767461749,
        "lgb_mae": 1.474054474041682,
        "stack_mae": 1.3030371549735236,
        "stack_rmse": 1.6268929836063037,
        "stack_r2": 0.03218697539280302
      },
      {
        "fold": 2,
        "cat_mae": 1.370657957160281,
        "hgb_mae": 1.4373568567171895,
        "lgb_mae": 1.4774199191078718,
        "stack_mae": 1.3519298718746873,
        "stack_rmse": 1.6814902507638123,
        "stack_r2": 0.071659086639281
      },
      {
        "fold": 3,
        "cat_mae": 1.2953616589267913,
        "hgb_mae": 1.2837655211908119,
        "lgb_mae": 1.341864722046148,
        "stack_mae": 1.2574522119853346,
        "stack_rmse": 1.6050038172097325,
        "stack_r2": 0.08388118479330509
      },
      {
        "fold": 4,
        "cat_mae": 1.2680770356092812,
        "hgb_mae": 1.3115244975557292,
        "lgb_mae": 1.3317435465962038,
        "stack_mae": 1.2473657213837301,
        "stack_rmse": 1.5636720618179247,
        "stack_r2": 0.0578065539452014
      }
    ],
    "summary": {
      "stack_mae_mean": 1.289946240054319,
      "stack_mae_std": 0.04789678172024064,
      "stack_rmse_mean": 1.6192647783494434,
      "stack_r2_mean": 0.061383450192647626
    }
  },
  "conformal": {
    "coverage": 0.7838983050847458,
    "width": 4.402375493850251
  },
  "score_heuristique": {
    "mae": 1.296358364991928,
    "rmse": 1.6349168896092885,
    "r2": 0.21090620085368528
  },
  "over25_classifier": {
    "accuracy": 0.5953389830508474,
    "brier": 0.23571649191875793
  }
}