{
  "catboost": {
    "mae": 1.3230329040441382,
    "rmse": 1.6740334458850246,
    "r2": 0.16321491130630628
  },
  "hist_gbr": {
    "mae": 1.3375071409749284,
    "rmse": 1.714478844074022,
    "r2": 0.12229225163108759
  },
  "lightgbm": {
    "mae": 1.302783944218353,
    "rmse": 1.7014097595080337,
    "r2": 0.13562238635929158
  },
  "stacking": {
    "mae": 1.4330681588220462,
    "rmse": 1.759768555853193,
    "r2": 0.07530868636325283
  },
  "backtest": {
    "folds": [
      {
        "fold": 1,
        "cat_mae": 1.331164336980662,
        "hgb_mae": 1.4634747726135773,
        "lgb_mae": 1.4715350343056126,
        "stack_mae": 1.3109558805887038,
        "stack_rmse": 1.6387669213659146,
        "stack_r2": 0.0340803711164791
      },
      {
        "fold": 2,
        "cat_mae": 1.3406662543527472,
        "hgb_mae": 1.4189486111162013,
        "lgb_mae": 1.4544909507987605,
        "stack_mae": 1.3300486725621297,
        "stack_rmse": 1.6669387812677643,
        "stack_r2": 0.08589953099036907
      },
      {
        "fold": 3,
        "cat_mae": 1.2837680998587668,
        "hgb_mae": 1.2853808690650046,
        "lgb_mae": 1.2997176952839375,
        "stack_mae": 1.255808009654056,
        "stack_rmse": 1.602259622452022,
        "stack_r2": 0.07682434835174812
      },
      {
        "fold": 4,
        "cat_mae": 1.2803557745337448,
        "hgb_mae": 1.3414454801633047,
        "lgb_mae": 1.3822684190478027,
        "stack_mae": 1.2568886771649903,
        "stack_rmse": 1.5710041747428491,
        "stack_r2": 0.049820331777022386
      }
    ],
    "summary": {
      "stack_mae_mean": 1.28842530999247,
      "stack_mae_std": 0.03785313027328471,
      "stack_rmse_mean": 1.6197423749571376,
      "stack_r2_mean": 0.06165614555890467
    }
  },
  "conformal": {
    "coverage": 0.8017057569296375,
    "width": 4.518093486240917
  },
  "score_heuristique": {
    "mae": 1.283579027633827,
    "rmse": 1.6394890306651548,
    "r2": 0.19739344582389962
  },
  "over25_classifier": {
    "accuracy": 0.6545842217484008,
    "brier": 0.2279270742751219
  }
}