{
  "catboost": {
    "mae": 1.3065290957008306,
    "rmse": 1.6472286423011302,
    "r2": 0.17876970498887723
  },
  "hist_gbr": {
    "mae": 1.327555530585599,
    "rmse": 1.689191596728094,
    "r2": 0.13639526264383728
  },
  "lightgbm": {
    "mae": 1.2793414249620434,
    "rmse": 1.6581896873815212,
    "r2": 0.1678040245264374
  },
  "stacking": {
    "mae": 1.4326886108388022,
    "rmse": 1.7504431842003023,
    "r2": 0.07262960073088554
  },
  "backtest": {
    "folds": [
      {
        "fold": 1,
        "cat_mae": 1.321565958477879,
        "hgb_mae": 1.4766905238213763,
        "lgb_mae": 1.4669358421026304,
        "stack_mae": 1.3054087848982434,
        "stack_rmse": 1.6252977378411364,
        "stack_r2": 0.03903140144445172
      },
      {
        "fold": 2,
        "cat_mae": 1.3616252580120047,
        "hgb_mae": 1.4286347442670164,
        "lgb_mae": 1.4305524419876945,
        "stack_mae": 1.348202301631861,
        "stack_rmse": 1.6805516246410734,
        "stack_r2": 0.0732024417619852
      },
      {
        "fold": 3,
        "cat_mae": 1.27018295050812,
        "hgb_mae": 1.275951017602872,
        "lgb_mae": 1.314049759532062,
        "stack_mae": 1.249967126252108,
        "stack_rmse": 1.598074254100625,
        "stack_r2": 0.0734126855406011
      },
      {
        "fold": 4,
        "cat_mae": 1.3032233853699728,
        "hgb_mae": 1.3470171001517706,
        "lgb_mae": 1.3962570661382394,
        "stack_mae": 1.2675616613906964,
        "stack_rmse": 1.5837044985362776,
        "stack_r2": 0.04264052541540364
      }
    ],
    "summary": {
      "stack_mae_mean": 1.2927849685432273,
      "stack_mae_std": 0.04358908268591969,
      "stack_rmse_mean": 1.6219070287797783,
      "stack_r2_mean": 0.057071763540610415
    }
  },
  "conformal": {
    "coverage": 0.7896995708154506,
    "width": 4.474918779798995
  },
  "score_heuristique": {
    "mae": 1.2697943377747711,
    "rmse": 1.6230064074913035,
    "r2": 0.20274424980061734
  },
  "over25_classifier": {
    "accuracy": 0.6244635193133047,
    "brier": 0.2382031455114071
  }
}