{
  "catboost": {
    "mae": 1.2940177370664738,
    "rmse": 1.6418630475421365,
    "r2": 0.17675628578915414
  },
  "hist_gbr": {
    "mae": 1.3175536834705508,
    "rmse": 1.6763060132557792,
    "r2": 0.14185402050388018
  },
  "lightgbm": {
    "mae": 1.3159933233316135,
    "rmse": 1.680064172939718,
    "r2": 0.13800190189990236
  },
  "stacking": {
    "mae": 1.4442321790939923,
    "rmse": 1.7608976456300596,
    "r2": 0.053059281025229166
  },
  "backtest": {
    "folds": [
      {
        "fold": 1,
        "cat_mae": 1.3122019584261748,
        "hgb_mae": 1.4550805064829975,
        "lgb_mae": 1.4903587358268726,
        "stack_mae": 1.297916774799409,
        "stack_rmse": 1.6210077185455793,
        "stack_r2": 0.04353959742423197
      },
      {
        "fold": 2,
        "cat_mae": 1.3673740366206424,
        "hgb_mae": 1.4405446355452465,
        "lgb_mae": 1.4435522006084733,
        "stack_mae": 1.3601910206604688,
        "stack_rmse": 1.6950062127286716,
        "stack_r2": 0.0685041560302535
      },
      {
        "fold": 3,
        "cat_mae": 1.2648665471082314,
        "hgb_mae": 1.2664178546794334,
        "lgb_mae": 1.2913712281341152,
        "stack_mae": 1.234139028127193,
        "stack_rmse": 1.5802956262179997,
        "stack_r2": 0.06642837082539188
      },
      {
        "fold": 4,
        "cat_mae": 1.3083692726129803,
        "hgb_mae": 1.3645000418510476,
        "lgb_mae": 1.396870667688604,
        "stack_mae": 1.2822454516099615,
        "stack_rmse": 1.6099822864570401,
        "stack_r2": 0.0421349951177008
      }
    ],
    "summary": {
      "stack_mae_mean": 1.293623068799258,
      "stack_mae_std": 0.05201771939699742,
      "stack_rmse_mean": 1.6265729609873225,
      "stack_r2_mean": 0.05515177984939454
    }
  },
  "conformal": {
    "coverage": 0.8315334773218143,
    "width": 4.559891638180257
  },
  "score_heuristique": {
    "mae": 1.293094337287548,
    "rmse": 1.6320266563862842,
    "r2": 0.186590833713851
  },
  "over25_classifier": {
    "accuracy": 0.6220302375809935,
    "brier": 0.22993027209121944
  }
}