{
  "catboost": {
    "mae": 1.3399896615961049,
    "rmse": 1.690055333307791,
    "r2": 0.16639516750789696
  },
  "hist_gbr": {
    "mae": 1.3388384988353264,
    "rmse": 1.7187556871757037,
    "r2": 0.13784237741525385
  },
  "lightgbm": {
    "mae": 1.3432563202618153,
    "rmse": 1.7371635489923867,
    "r2": 0.11927607988036204
  },
  "stacking": {
    "mae": 1.4606680952153852,
    "rmse": 1.7820117880688526,
    "r2": 0.0732138798693922
  },
  "backtest": {
    "folds": [
      {
        "fold": 1,
        "cat_mae": 1.3120080280442774,
        "hgb_mae": 1.4329415177245566,
        "lgb_mae": 1.4669875891277941,
        "stack_mae": 1.2998218870226883,
        "stack_rmse": 1.6181712001706972,
        "stack_r2": 0.042287164967801494
      },
      {
        "fold": 2,
        "cat_mae": 1.3537730647131039,
        "hgb_mae": 1.4334063107497252,
        "lgb_mae": 1.4545486324930474,
        "stack_mae": 1.3455786416422375,
        "stack_rmse": 1.682304269581083,
        "stack_r2": 0.07053664506112822
      },
      {
        "fold": 3,
        "cat_mae": 1.3030006436453103,
        "hgb_mae": 1.2780389415632352,
        "lgb_mae": 1.3002258927531702,
        "stack_mae": 1.2512807617495667,
        "stack_rmse": 1.5895639625449212,
        "stack_r2": 0.09742424416191431
      },
      {
        "fold": 4,
        "cat_mae": 1.2738443525815748,
        "hgb_mae": 1.315694459632393,
        "lgb_mae": 1.3349563806655549,
        "stack_mae": 1.2570004457208774,
        "stack_rmse": 1.5782359902975869,
        "stack_r2": 0.04834323494306092
      }
    ],
    "summary": {
      "stack_mae_mean": 1.2884204340338425,
      "stack_mae_std": 0.04383158963666695,
      "stack_rmse_mean": 1.6170688556485722,
      "stack_r2_mean": 0.06464782228347624
    }
  },
  "conformal": {
    "coverage": 0.7489539748953975,
    "width": 4.165454628396889
  },
  "score_heuristique": {
    "mae": 1.3477631598442579,
    "rmse": 1.6915904055667694,
    "r2": 0.1648801581749476
  },
  "over25_classifier": {
    "accuracy": 0.5941422594142259,
    "brier": 0.22943034968456674
  }
}