{
  "catboost": {
    "mae": 1.3017213309584261,
    "rmse": 1.654832557677831,
    "r2": 0.18554650410479745
  },
  "hist_gbr": {
    "mae": 1.333170822413546,
    "rmse": 1.7053053073173177,
    "r2": 0.13510683374064447
  },
  "lightgbm": {
    "mae": 1.312655073560272,
    "rmse": 1.6932566117389705,
    "r2": 0.14728532241999848
  },
  "stacking": {
    "mae": 1.4635470157149446,
    "rmse": 1.7827150306805228,
    "r2": 0.05480366139236004
  },
  "backtest": {
    "folds": [
      {
        "fold": 1,
        "cat_mae": 1.331695855252356,
        "hgb_mae": 1.464032561252975,
        "lgb_mae": 1.4691932959629899,
        "stack_mae": 1.313701864643153,
        "stack_rmse": 1.6332073569461616,
        "stack_r2": 0.040641899420323035
      },
      {
        "fold": 2,
        "cat_mae": 1.3613253853222673,
        "hgb_mae": 1.4330948381306834,
        "lgb_mae": 1.4606580459859597,
        "stack_mae": 1.347505276962413,
        "stack_rmse": 1.6827279973512885,
        "stack_r2": 0.06850083078083591
      },
      {
        "fold": 3,
        "cat_mae": 1.2926846926582654,
        "hgb_mae": 1.2800999378612858,
        "lgb_mae": 1.3151874251417732,
        "stack_mae": 1.258232617168205,
        "stack_rmse": 1.5982641810451108,
        "stack_r2": 0.08334689112108351
      },
      {
        "fold": 4,
        "cat_mae": 1.2813461438886815,
        "hgb_mae": 1.3231709892998322,
        "lgb_mae": 1.3465955435696664,
        "stack_mae": 1.2533603131636146,
        "stack_rmse": 1.5660274825661153,
        "stack_r2": 0.0548780029704915
      }
    ],
    "summary": {
      "stack_mae_mean": 1.2932000179843464,
      "stack_mae_std": 0.04538468195744693,
      "stack_rmse_mean": 1.6200567544771691,
      "stack_r2_mean": 0.06184190607318349
    }
  },
  "conformal": {
    "coverage": 0.7974413646055437,
    "width": 4.460433481530067
  },
  "score_heuristique": {
    "mae": 1.2903343315570983,
    "rmse": 1.6375457840106655,
    "r2": 0.20247357683610145
  },
  "over25_classifier": {
    "accuracy": 0.650319829424307,
    "brier": 0.228894013991085
  }
}